Workbook

Sheet README
A1: STAGE 1 — DOCUMENTARY CODING WORKBOOK
A2: Version 6.0 · aligned to THE_SIMPLIFIED_PLAN_v3.8 and the web-search register v2.4
A5: THE ONE RULE | B5: You are documenting what communities SAY, what independent sources say, and what can be established historically. You are NOT judging whether a community performed well. The satellite side answers that later, and the separation between the two is what makes hypothesis H6 — claims versus delivery — meaningful.
A6: Boundary with Stage 2 | B6: Stage 1 produces coded facts. Stage 2 consumes them to build the matched control sample. Never record an eligibility VERDICT on these sheets.
A7: Blindness | B7: Do not view satellite metrics, index values or any outcome data while coding. Historical imagery is permitted ONLY to answer 'between which two image dates did a physical feature appear?', and every use is logged in O3.
A9: WHAT CHANGED IN VERSION 6.0
A10: New sheet: O11_Source_Set | B10: One row per web address per community. Most communities have more than one — a website, a Facebook page, a YouTube channel, an old domain that still holds the oldest material. Version 5 had nowhere to record which addresses were crawled and which were blocked, so 'we searched everything' could not be audited. This sheet is that audit trail, and it is what the register's Stage 0 fills.
A11: Corroboration counts GROUPS, not URLs | B11: New column independence_group in O6_Source_Index. Two sources corroborate each other only if neither is a copy of the other. A directory listing whose text came from the community's own website belongs to the SAME group as that website and counts once. Block D channel counts and the 'three independent sources' target both count groups.
A12: Decision D4 formula corrected | B12: Cohort_Tracker read the number of communities CODED, not the number of cohort candidates at confidence tier A or B. It would have printed PROCEED at community 50 whatever the cohort looked like. It now reads B6 and stays on KEEP CODING until community 100, which is what plan 11.3 actually says.
A13: The documentary area fields now link | B13: O1 is the single paste target for everything the ChatGPT register returns. O10's six documentary columns read themselves from O1, and O1's polygon_area_ha reads itself from O10. In version 5 the same fields sat in two sheets with no link, so pasting into one left the other empty — and area_agreement_tier, which decides which sites SC16 keeps, silently stayed blank.
A14: area_agreement_tier and area_ratio fixed | B14: Plan 7.1a puts a site with a polygon but NO documentary figure in tier B. The version 5 formula returned a blank, which looked identical to a site nobody had coded yet. area_ratio also displayed 0.00 on every uncoded row, because an empty numerator divides to zero rather than to an error.
A15: Four new columns in O1 | B15: documentary_area_note, independence_groups, stages_completed and crawl_truncated. They are appended at the right-hand end rather than inserted beside the fields they belong with, because inserting a column mid-sheet silently shifts every dropdown range and formula that follows it.
A16: crawl_truncated is the one that matters | B16: It records that a search stopped early. Without it an incompletely searched community is indistinguishable from a thoroughly searched one that genuinely has nothing, and the two mean opposite things.
A17: Reference_Codes brought to v3.8 | B17: The size-class block (100/150/200 m radii) and the size-class confidence block were superseded by hand-drawn polygons in plan v3.6. They are replaced by the five reference circles and the area-agreement tiers, and three new vocabularies for O11 are added.
A18: Field names match the register | B18: O1, O2, O3, O10 and O11 use exactly the field names in WEB_SEARCH_FIELD_REGISTER_AND_CHATGPT_PROMPT_v2.4, so its output pastes straight in.
A20: HOW TO USE THIS FILE
A21: Dark header row | B21: Every sheet has one, with an auto-filter. Type into the rows beneath it.
A22: Grey pre-filled rows | B22: R1_Codebook, O9_Claim_Signature_Map and O4_Reliability_Report arrive PRE-FILLED from the plan. Complete the blank columns; do not alter the pre-filled content.
A23: Italic grey EXAMPLE row | B23: Row 2 of most sheets is a worked example showing the expected format. DELETE IT before you begin.
A24: Yellow cells | B24: Cells you must fill: the freeze-control date at R1_Codebook P3, and the deposit fields in O9.
A25: Dropdowns | B25: Every controlled-vocabulary column has one. Use it. Free-typed variants ('Evidenced' vs 'evidenced') will corrupt the reliability statistics in O4.
A26: Cells that fill themselves | B26: O1 polygon_area_ha; O3 onset_band_width_years; O10 below_minimum_flag, reference_circle, area_ratio, area_agreement_tier and the six documentary columns M to R; R1 frozen_date. Do not type into them.
A27: Reference_Codes | B27: The full vocabulary with the rule behind each value, plus the list of quantities NOT to search for. Consult it rather than guessing.
A29: SEQUENCE — do not start at IC001
A30: 1–3 Freeze | B30: Complete R1_Codebook and confirm every threshold. Complete and deposit O9_Claim_Signature_Map with a timestamp. Declare every reliability threshold in O4.
A31: 4–5 Design | B31: Draw the >=20% double-coding subsample with a recorded seed, stratified by region and expected activity tier. Log the draw in R3.
A32: 6–8 Calibrate | B32: Train on communities NOT in the study sample. Record in R2. A coder proceeds only after meeting the declared threshold. THEN enter the freeze date at R1!P3.
A33: 9–11 Code | B33: Code all 212 communities. Fill O11_Source_Set for every community before coding it, so you know what you are working from. Double-code the predefined subsample after at least four weeks. Resolve every disagreement in O5 under the rule invoked, not by preference.
A34: 12 Decide | B34: At community 100, read Cohort_Tracker and make decision D4 on the longitudinal cohort.
A35: 13–14 Close | B35: Complete every sheet. Compute reliability PER VARIABLE in O4. Freeze and version the dataset, then hand it to Stage 2.
A37: EIGHT RULES MOST OFTEN BROKEN
A38: Founding year is not onset | B38: Record all four dates. Only 'environmental intervention onset' is the study's onset. A community founded 1985 that began ecological work in 1992 has an onset of 1992.
A39: Silence is not absence | B39: 'not mentioned' and 'explicitly absent' are different codes. Communities describe what they consider notable; treating silence as absence records communication style as practice.
A40: Managed area is not total holding | B40: A community holding 200 ha and working 15 ha has a managed area of 15 ha. Record both separately.
A41: Unknown is not dissolved | B41: A vanished website is not a vanished community. Dissolution requires POSITIVE evidence.
A42: Non-response is never exclusion | B42: Communities that answer unsolicited academic enquiries differ systematically from those that do not. Code from documents and widen the uncertainty band.
A43: Trace structure, never colour | B43: When drawing a community's polygon, use field edges, tracks, terraces and changes in field pattern — never greenness. A ploughed brown field is as managed as a green one. If colour influenced the drawing it does NOT cancel against the controls, because a control receives the settlement's shape translated rather than a drawing of its own.
A44: A copy is not a second source | B44: Four addresses belonging to one community are one voice, not four. Two sources corroborate only across independence groups. This is the same rule as 'two pages of one website are ONE channel', applied to the whole source set.
A45: Never accept an unverified citation | B45: For every S1 and S2 source, open the DOI or repository record yourself and set verified_resolves = yes in O6. A fabricated citation looks like your strongest evidence and will be believed.
A47: PROGRESS
A48: Sheet | B48: Target | C48: Rows filled
A49: O1_Community_Attributes | B49: 212 communities | C49: =COUNTA(O1_Community_Attributes!A2:A500)-1 -> 0
A50: O2_Practice_Matrix | B50: 212 communities | C50: =COUNTA(O2_Practice_Matrix!A2:A500)-1 -> 0
A51: O3_Onset_Register | B51: 212 communities | C51: =COUNTA(O3_Onset_Register!A2:A500)-1 -> 0
A52: O10_Polygon_And_Area | B52: 212 communities | C52: =COUNTA(O10_Polygon_And_Area!A2:A500)-1 -> 0
A53: O11_Source_Set | B53: as required | C53: =COUNTA(O11_Source_Set!A2:A500)-1 -> 0
A54: O2b_Practice_Evidence | B54: as required | C54: =COUNTA(O2b_Practice_Evidence!A2:A500)-1 -> 0
A55: O6_Source_Index | B55: as required | C55: =COUNTA(O6_Source_Index!A2:A500)-1 -> 0
A56: O7_Search_Log | B56: as required | C56: =COUNTA(O7_Search_Log!A2:A500)-1 -> 0
A57: O5_Disagreement_Log | B57: as required | C57: =COUNTA(O5_Disagreement_Log!A2:A500)-1 -> 0
B59: Counts subtract the example row, so they read -1 until you begin and 211 once the example is deleted and 212 communities are entered.

Sheet Cohort_Tracker
A1: LONGITUDINAL COHORT TRACKER — decision D4
A2: The cohort (analysis A8) needs about 65 communities with onset in 2020 or 2021. Decide at community 100, not at the end.
A4: Communities coded so far | B4: =COUNTA(O1_Community_Attributes!A3:A500) -> 0 | D4: Excludes the example row
A5: cohort_candidate = core (2020-2021) | B5: =COUNTIF(O3_Onset_Register!Q3:Q500,"core (2020-2021)") -> 0 | D5: THE NUMBER THAT MATTERS
A6: of those, confidence tier A or B | B6: =COUNTIFS(O3_Onset_Register!Q3:Q500,"core (2020-2021)",O3_Onset_Register!O3:O500,"A")+COUNTIFS(O3_Onset_Register!Q3:Q500,"core (2020-2021)",O3_Onset_Register!O3:O500,"B") -> 0 | D6: Tier C onsets are too uncertain to anchor a before-and-after window
A7: cohort_candidate = extension (2019) | B7: =COUNTIF(O3_Onset_Register!Q3:Q500,"extension (2019)") -> 0 | D7: Usable if the core falls short — costs one pre-year
A8: cohort_candidate = uncertain | B8: =COUNTIF(O3_Onset_Register!Q3:Q500,"uncertain") -> 0 | D8: Resolve these before deciding
A10: DECISION D4 STATUS | B10: =IF(COUNTA(O1_Community_Attributes!A3:A500)<100,"KEEP CODING — decide at community 100",IF(B6>=50,"PROCEED — the component is worth its 4-6 weeks",IF(B6>=40,"PROCEED BUT REPORT AS EXPLORATORY","DROP THE COMPONENT"))) -> KEEP CODING — decide at community 100 | D10: Thresholds from plan 11.3, counted on B6 (core AND tier A or B): above 50 proceed, 40-50 exploratory, below 40 drop. CORRECTED IN v6 — v5 counted B4, the number of communities coded.
A12: Why a running tally. An underpowered before-and-after test placed beside your main result invites a reviewer to read a null as contradicting it, which it would not — but the misreading costs more than the component gains. Better to know at community 100.

Sheet O1_Community_Attributes
A1: site_id | B1: community_name_official | C1: alternative_names | D1: country | E1: admin_region | F1: latitude | G1: longitude | H1: coordinate_agreement | I1: e1_network_listing | J1: e1_pathway | K1: e1_self_identification | L1: e2_settlement_type | M1: e2_evidence_note | N1: e3_population_value | O1: e5_active_currently | P1: e8_setting_at_onset | Q1: population_value | R1: population_lower | S1: population_upper | T1: population_source_date | U1: polygon_area_ha | V1: managed_area_ha | W1: managed_area_lower_ha | X1: managed_area_upper_ha | Y1: managed_area_basis | Z1: managed_area_source_class | AA1: total_holding_ha | AB1: area_type | AC1: tenure_type | AD1: parcel_structure | AE1: site_plan_published | AF1: v1_self_documentation | AG1: v2_external_documentation | AH1: v3_substantive_affiliation | AI1: v4_visual_documentation | AJ1: v5_continuity_evidence | AK1: channel_count | AL1: activity_tier | AM1: activity_tier_note | AN1: status_current | AO1: status_evidence | AP1: first_listing_year | AQ1: last_listing_year | AR1: dissolution_year | AS1: delisting_reason | AT1: movement_tradition | AU1: founding_decade | AV1: education_volunteer_program | AW1: agricultural_orientation | AX1: external_funding_or_programme | AY1: protected_area_status | AZ1: notable_context | BA1: pages_opened_count | BB1: documents_opened | BC1: source_classes_found | BD1: search_languages | BE1: negative_consultations | BF1: coder_id | BG1: coding_date | BH1: double_coded | BI1: second_coder_id | BJ1: notes | BK1: documentary_area_note | BL1: independence_groups | BM1: stages_completed | BN1: crawl_truncated | BP1: One row per community. Field names match the ChatGPT register (v2.4) exactly, so its output pastes straight in. THIS SHEET IS THE PASTE TARGET for everything the register returns — O10 reads its six documentary area fields from here. Never record an ELIGIBILITY DECISION here; this sheet holds coded facts and Stage 2 makes the decisions.
A2: IC001 | B2: EXAMPLE ROW — DELETE BEFORE USE | C2: Quinta do Vale; Vale Farm | D2: Portugal | E2: Leiria | F2: 39.7436 | G2: -8.1245 | H2: agrees | I2: GEN Europe; national permaculture registry | J2: both | K2: regenerating this valley since the 1990s | L2: village-scale permanent residence | M2: Permanent residents on one contiguous title; not a retreat centre | N2: 28 | O2: yes | P2: rural | Q2: 28 | R2: 20 | S2: 30 | T2: 2023 | U2: 13.4 | V2: 15 | W2: 12 | X2: 18 | Y2: measured | Z2: S1 | AA2: 200 | AB2: both recorded | AC2: freehold collective | AD2: contiguous | AE2: yes — https://example.org/siteplan.pdf | AF2: yes | AG2: yes | AH2: no | AI2: yes | AJ2: yes | AK2: 4 | AL2: A | AM2: 3 channels incl. 1 external, plus continuity across 2011-2023 snapshots | AN2: active | AO2: Website updated 2025; listed in current GEN directory | AP2: 2009 | AQ2: 2025 | AS2: n/a | AT2: permaculture | AU2: 1980 | AV2: yes | AW2: mixed | AX2: LIFE grant 2014 for riparian restoration (CORDIS record) | AY2: adjacent | AZ2: none found | BA2: 31 | BB2: Annual report 2019.pdf; Site design 2012.pdf | BC2: S1;S2;S4;S5;S6 | BD2: English; Portuguese | BE2: S3 none found; S8 not attempted | BF2: RC1 | BG2: 2026-09-14 | BH2: yes | BJ2: Onset band 1990-1994 from a rank-3 retrospective statement | BK2: States 15 ha under cultivation; separate 200 ha total holding | BL2: 3 | BM2: 0-9 complete | BN2: no
U3: =IF($A3="","",IFERROR(IF(INDEX(O10_Polygon_And_Area!$C$1:$C$500,MATCH($A3,O10_Polygon_And_Area!$A$1:$A$500,0))="","",INDEX(O10_Polygon_And_Area!$C$1:$C$500,MATCH($A3,O10_Polygon_And_Area!$A$1:$A$500,0))),"")) | AK3: =IF(COUNTA(AF3:AJ3)=0,"",COUNTIF(AF3:AJ3,"yes"))
U4: =IF($A4="","",IFERROR(IF(INDEX(O10_Polygon_And_Area!$C$1:$C$500,MATCH($A4,O10_Polygon_And_Area!$A$1:$A$500,0))="","",INDEX(O10_Polygon_And_Area!$C$1:$C$500,MATCH($A4,O10_Polygon_And_Area!$A$1:$A$500,0))),"")) | AK4: =IF(COUNTA(AF4:AJ4)=0,"",COUNTIF(AF4:AJ4,"yes"))
U5: =IF($A5="","",IFERROR(IF(INDEX(O10_Polygon_And_Area!$C$1:$C$500,MATCH($A5,O10_Polygon_And_Area!$A$1:$A$500,0))="","",INDEX(O10_Polygon_And_Area!$C$1:$C$500,MATCH($A5,O10_Polygon_And_Area!$A$1:$A$500,0))),"")) | AK5: =IF(COUNTA(AF5:AJ5)=0,"",COUNTIF(AF5:AJ5,"yes"))
U6: =IF($A6="","",IFERROR(IF(INDEX(O10_Polygon_And_Area!$C$1:$C$500,MATCH($A6,O10_Polygon_And_Area!$A$1:$A$500,0))="","",INDEX(O10_Polygon_And_Area!$C$1:$C$500,MATCH($A6,O10_Polygon_And_Area!$A$1:$A$500,0))),"")) | AK6: =IF(COUNTA(AF6:AJ6)=0,"",COUNTIF(AF6:AJ6,"yes"))
U7: =IF($A7="","",IFERROR(IF(INDEX(O10_Polygon_And_Area!$C$1:$C$500,MATCH($A7,O10_Polygon_And_Area!$A$1:$A$500,0))="","",INDEX(O10_Polygon_And_Area!$C$1:$C$500,MATCH($A7,O10_Polygon_And_Area!$A$1:$A$500,0))),"")) | AK7: =IF(COUNTA(AF7:AJ7)=0,"",COUNTIF(AF7:AJ7,"yes"))
U8: =IF($A8="","",IFERROR(IF(INDEX(O10_Polygon_And_Area!$C$1:$C$500,MATCH($A8,O10_Polygon_And_Area!$A$1:$A$500,0))="","",INDEX(O10_Polygon_And_Area!$C$1:$C$500,MATCH($A8,O10_Polygon_And_Area!$A$1:$A$500,0))),"")) | AK8: =IF(COUNTA(AF8:AJ8)=0,"",COUNTIF(AF8:AJ8,"yes"))
U9: =IF($A9="","",IFERROR(IF(INDEX(O10_Polygon_And_Area!$C$1:$C$500,MATCH($A9,O10_Polygon_And_Area!$A$1:$A$500,0))="","",INDEX(O10_Polygon_And_Area!$C$1:$C$500,MATCH($A9,O10_Polygon_And_Area!$A$1:$A$500,0))),"")) | AK9: =IF(COUNTA(AF9:AJ9)=0,"",COUNTIF(AF9:AJ9,"yes"))
U10: =IF($A10="","",IFERROR(IF(INDEX(O10_Polygon_And_Area!$C$1:$C$500,MATCH($A10,O10_Polygon_And_Area!$A$1:$A$500,0))="","",INDEX(O10_Polygon_And_Area!$C$1:$C$500,MATCH($A10,O10_Polygon_And_Area!$A$1:$A$500,0))),"")) | AK10: =IF(COUNTA(AF10:AJ10)=0,"",COUNTIF(AF10:AJ10,"yes"))
U11: =IF($A11="","",IFERROR(IF(INDEX(O10_Polygon_And_Area!$C$1:$C$500,MATCH($A11,O10_Polygon_And_Area!$A$1:$A$500,0))="","",INDEX(O10_Polygon_And_Area!$C$1:$C$500,MATCH($A11,O10_Polygon_And_Area!$A$1:$A$500,0))),"")) | AK11: =IF(COUNTA(AF11:AJ11)=0,"",COUNTIF(AF11:AJ11,"yes"))
U12: =IF($A12="","",IFERROR(IF(INDEX(O10_Polygon_And_Area!$C$1:$C$500,MATCH($A12,O10_Polygon_And_Area!$A$1:$A$500,0))="","",INDEX(O10_Polygon_And_Area!$C$1:$C$500,MATCH($A12,O10_Polygon_And_Area!$A$1:$A$500,0))),"")) | AK12: =IF(COUNTA(AF12:AJ12)=0,"",COUNTIF(AF12:AJ12,"yes"))
U13: =IF($A13="","",IFERROR(IF(INDEX(O10_Polygon_And_Area!$C$1:$C$500,MATCH($A13,O10_Polygon_And_Area!$A$1:$A$500,0))="","",INDEX(O10_Polygon_And_Area!$C$1:$C$500,MATCH($A13,O10_Polygon_And_Area!$A$1:$A$500,0))),"")) | AK13: =IF(COUNTA(AF13:AJ13)=0,"",COUNTIF(AF13:AJ13,"yes"))
U14: =IF($A14="","",IFERROR(IF(INDEX(O10_Polygon_And_Area!$C$1:$C$500,MATCH($A14,O10_Polygon_And_Area!$A$1:$A$500,0))="","",INDEX(O10_Polygon_And_Area!$C$1:$C$500,MATCH($A14,O10_Polygon_And_Area!$A$1:$A$500,0))),"")) | AK14: =IF(COUNTA(AF14:AJ14)=0,"",COUNTIF(AF14:AJ14,"yes"))
... U402: =IF($A402="","",IFERROR(IF(INDEX(O10_Polygon_And_Area!$C$1:$C$500,MATCH($A402,O10_Polygon_And_Area!$A$1:$A$500,0))="","",INDEX(O10_Polygon_And_Area!$C$1:$C$500,MATCH($A402,O10_Polygon_And_Area!$A$1:$A$500,0))),"")) | AK402: =IF(COUNTA(AF402:AJ402)=0,"",COUNTIF(AF402:AJ402,"yes"))

Sheet O2_Practice_Matrix
A1: site_id | B1: community_name | C1: pc01_rainwater | D1: pc02_swales | E1: pc03_irrigation | F1: pc04_no_till | G1: pc05_mulching | H1: pc06_cover_crop | I1: pc07_tree_planting | J1: pc08_agroforestry | K1: pc09_polyculture | L1: pc10_hedgerows | M1: pc11_small_parcel | N1: pc12_organic | O1: pc13_restoration | P1: coder_id | Q1: coding_date | R1: notes | T1: THIRTEEN codes (v3.3 added pc13_restoration). Five levels only. 'not mentioned' is NOT 'explicitly absent'. Provenance for each coded cell goes in O2b.
A2: IC001 | B2: EXAMPLE ROW — DELETE BEFORE USE | C2: evidenced | D2: documented | E2: claimed | F2: documented | G2: evidenced | H2: documented | I2: evidenced | J2: evidenced | K2: documented | L2: claimed | M2: documented | N2: evidenced | O2: documented | P2: RC1 | Q2: 2026-09-14 | R2: Irrigation claimed for the nursery only; see O2b SRC0031

Sheet O2b_Practice_Evidence
A1: site_id | B1: practice_code | C1: coding_level | D1: source_id | E1: source_class | F1: full_text_or_abstract | G1: evidence_date | H1: validity_from | I1: validity_to | J1: supporting_passage | K1: coder_id | L1: notes | N1: One row per CODED practice per site (levels evidenced/documented/claimed/explicitly absent). 'not mentioned' needs no row. An ACADEMIC or GREY source is what upgrades a code from 'claimed' to 'evidenced'.
A2: IC001 | B2: pc08_agroforestry | C2: evidenced | D2: SRC0012 | E2: S1 | F2: full text | G2: 2019 | H2: 2016 | J2: Describes a 1.8 ha seven-layer food forest established from 2016 | K2: RC1 | L2: validity_to blank = still current at the source date

Sheet O3_Onset_Register
A1: site_id | B1: community_name | C1: date_formal_founding | D1: date_land_acquisition | E1: date_first_residence | F1: date_intervention_onset | G1: onset_lower_bound | H1: onset_upper_bound | I1: onset_band_width_years | J1: onset_evidence_rank | K1: onset_evidence_description | L1: onset_conflicting_sources | M1: resolution_rule | N1: onset_proxy_flag | O1: onset_confidence_tier | P1: onset_first_or_major | Q1: cohort_candidate | R1: domain_onsets | S1: source_ids | T1: coder_id | U1: coding_date | V1: notes | X1: Four candidate dates are all retained. ONLY date_intervention_onset is the study's onset. Rank 5 (a directory founding year) is a PROXY, never a true onset. Almost every RANK 1 source comes from academic or grey literature — see O7_Search_Log.
A2: IC001 | B2: EXAMPLE ROW — DELETE BEFORE USE | C2: 1985 | D2: 1987 | E2: 1988 | F2: 1992 | G2: 1990 | H2: 1994 | J2: 3 | K2: Community 20th-anniversary timeline, dated 2012 | L2: Website says 1990, newsletter says 1992 | M2: Equal rank: earlier year as point estimate, the gap becomes the band | N2: no | O2: B | P2: first intervention | Q2: no | R2: water 1998; vegetation 1992; soil 1995 | S2: SRC0007; SRC0012 | T2: RC1 | U2: 2026-09-14 | V2: Overall onset = earliest domain onset (vegetation 1992)
I3: =IFERROR(H3-G3,"") -> 0
I4: =IFERROR(H4-G4,"") -> 0
I5: =IFERROR(H5-G5,"") -> 0
I6: =IFERROR(H6-G6,"") -> 0
I7: =IFERROR(H7-G7,"") -> 0
I8: =IFERROR(H8-G8,"") -> 0
I9: =IFERROR(H9-G9,"") -> 0
I10: =IFERROR(H10-G10,"") -> 0
I11: =IFERROR(H11-G11,"") -> 0
I12: =IFERROR(H12-G12,"") -> 0
I13: =IFERROR(H13-G13,"") -> 0
I14: =IFERROR(H14-G14,"") -> 0
... I402: =IFERROR(H402-G402,"") -> 0

Sheet O4_Reliability_Report
A1: variable | B1: variable_type | C1: agreement_method | D1: threshold_declared | E1: raw_agreement | F1: agreement_coefficient | G1: icc | H1: mean_absolute_difference | I1: within_uncertainty_band | J1: marginal_distribution_notes | K1: calibration_start | L1: calibration_midpoint | M1: calibration_end | N1: drift_result | O1: action_if_below_threshold | P1: notes | R1: PRE-FILLED with the variables THE_SIMPLIFIED_PLAN_v3.8 requires. Report reliability PER VARIABLE — never one figure for the whole codebook. Add 13 rows for the individual practice codes when you compute them.
A2: date_intervention_onset | B2: date | C2: ICC + mean absolute difference + agreement within band | D2: declared before coding | J2: Report MAD in YEARS beside the coefficient | O2: Revise the codebook definition, re-code this variable in full, report both figures
A3: onset_evidence_rank | B3: ordered categorical | C3: weighted chance-corrected agreement | D3: declared before coding | J3: Weights disagreements by distance between ranks
A4: onset_confidence_tier | B4: ordered categorical | C4: weighted chance-corrected agreement | D4: declared before coding | J4: Load-bearing for the longitudinal cohort (decision D4)
A5: cohort_candidate | B5: categorical | C5: chance-corrected agreement | D5: declared before coding | J5: Determines which communities enter analysis A8
A6: activity_tier | B6: ordered categorical | C6: weighted chance-corrected agreement | D6: declared before coding | J6: Report the marginal distribution: tiers are usually skewed
A7: managed_area_ha | B7: continuous | C7: ICC + mean absolute difference | D7: declared before coding | J7: Report MAD in HECTARES. Since plan v3.6 this CORROBORATES the drawn polygon rather than setting geometry: it produces area_agreement_tier and table T8b, and SC16 restricts to tier A.
A8: polygon_area_ha | B8: continuous | C8: ICC + mean absolute difference, from the 20% redraw | D8: declared before coding | J8: Report MAD in HECTARES. This is the reliability figure for the study's PRIMARY MEASUREMENT GEOMETRY
A9: polygon_iou (redraw overlap) | B9: continuous | C9: mean overlap, and the count below 0.80 | D9: declared before coding | J9: Shared area / combined area between your two drawings. Below a mean of 0.80, report SC1 (circles) as primary instead
A10: reference_circle | B10: ordered categorical | C10: weighted chance-corrected agreement | D10: declared before coding | J10: Derived from polygon area, so its reliability follows the polygon's
A11: population_value | B11: continuous | C11: ICC + mean absolute difference | D11: declared before coding
A12: status_current | B12: categorical | C12: chance-corrected agreement | D12: declared before coding
A13: practice codes (each of THIRTEEN, reported separately) | B13: categorical | C13: chance-corrected agreement | D13: see R1_Codebook per code | J13: Where a code is strongly skewed, report raw agreement and the marginal distribution beside the coefficient

Sheet O5_Disagreement_Log
A1: disagreement_id | B1: site_id | C1: variable | D1: coder_1_value | E1: coder_2_value | F1: evidence_in_question | G1: rule_invoked | H1: resolution_type | I1: third_coder | J1: final_value | K1: codebook_amended | L1: re_coding_required | M1: date_resolved | N1: notes | P1: Every disagreement and its resolution. The disagreement RATE is itself a reported diagnostic.
A2: DIS001 | B2: IC001 | C2: onset_evidence_rank | D2: 3 | E2: 2 | F2: Archived 2011 snapshot: does it describe work as ALREADY under way? | G2: Rank 2 requires the work be described as already under way | H2: rule applied | J2: 3 | K2: no | L2: no | M2: 2026-09-20 | N2: Snapshot announced an intention, not work in progress

Sheet O6_Source_Index
A1: source_id | B1: site_id | C1: source_class | D1: source_type | E1: title | F1: url_or_reference | G1: publication_or_snapshot_date | H1: retrieval_date | I1: full_text_or_abstract | J1: specific_passage_or_page | K1: value_supported | L1: language | M1: translation_used | N1: doi_or_identifier | O1: verified_resolves | P1: notes | Q1: independence_group | S1: One row per source. VERIFIED_RESOLVES is mandatory for every S1 and S2 source: open the DOI or repository record yourself and confirm it exists. A fabricated citation looks like your strongest evidence and will be believed. INDEPENDENCE_GROUP: sources that derive from the same underlying statement share one group id. A directory listing copied from the community's website is the SAME group as that website. Corroboration counts groups, not URLs.
A2: SRC0012 | B2: IC001 | C2: S1 | D2: peer-reviewed paper | E2: Agroecological transition at a Portuguese ecovillage | F2: https://doi.org/10.xxxx/example | G2: 2019 | H2: 2026-09-10 | I2: full text | J2: p.114, Table 2 and Fig. 3 | K2: pc08_agroforestry = evidenced; intervention onset >= 2016 | L2: Portuguese | M2: yes | N2: 10.xxxx/example | O2: yes | P2: Archived copy retained locally; only this provenance row is deposited | Q2: G1

Sheet O7_Search_Log
A1: site_id | B1: database_or_source | C1: database_type | D1: search_strings_used | E1: language | F1: hits_returned | G1: full_text_opened | H1: abstract_only | I1: result | J1: date_searched | K1: coder_id | L1: notes | N1: One row per database per site — INCLUDING those that returned nothing. A recorded negative consultation is what makes 'no academic literature exists' a finding rather than an absence of effort. Log every database named in Stages 5 and 6 of the ChatGPT prompt. Web ADDRESSES belong in O11_Source_Set, not here: this sheet is for databases searched.
A2: IC001 | B2: Google Scholar | C2: academic | D2: "Quinta do Vale" ecovillage; Vale Farm permaculture; Leiria intentional community | E2: English; Portuguese | F2: 4 | G2: 2 | H2: 1 | I2: hits found | J2: 2026-09-10 | K2: RC1 | L2: Two papers relevant; one behind a paywall, abstract only

Sheet O8_Enquiry_Record
A1: enquiry_id | B1: site_id | C1: reason_for_contact | D1: date_sent | E1: medium | F1: response_status | G1: date_responded | H1: consent_to_answer | I1: consent_to_identification | J1: consent_to_location_disclosure | K1: withdrawal_request | L1: onset_information | M1: managed_area_information | N1: other_facts_supplied | O1: source_class | P1: personal_identifiers_retained | Q1: ethics_reference | R1: coder_id | S1: notes | U1: Decision D1 recommends coding from PUBLISHED SOURCES ONLY, contacting only communities whose onset stays undeterminable — usually a small number. If you contact nobody, this sheet stays empty and no ethics application is needed. Consent is THREE separate permissions; silence is never consent; non-response is NEVER an exclusion.
A2: ENQ001 | B2: IC001 | C2: Onset undeterminable from published sources | D2: 2026-10-14 | E2: email | F2: responded | G2: 2026-10-21 | H2: yes | I2: yes | J2: no | K2: no | L2: Confirms first planting 1992 | M2: Manages 15 ha of 200 ha held | N2: Two parcels, one contiguous block | O2: S8 | P2: no | Q2: REC-2026-014 | R2: RC1 | S2: Location disclosure withheld -> restricted tier

Sheet O9_Claim_Signature_Map
A1: claim_code | B1: practice_code | C1: practice_label | D1: predicted_signature | E1: mapped_metric_or_flag | F1: mapping_version | G1: deposit_timestamp | H1: approved_before_coding | I1: notes | K1: PRE-FILLED from THE_SIMPLIFIED_PLAN and unchanged through v3.8 — mapping_version stays 1.0 because the mapping itself has not moved. MUST be deposited with a timestamp BEFORE any coding begins and before any index value exists. Fill deposit_timestamp and approved_before_coding, then do NOT alter the mapping. This is what makes hypothesis H6 falsifiable.
A2: CS01 | B2: pc01_rainwater | C2: Rainwater harvesting | D2: Water-subsidy flag NOT raised | E2: Water-subsidy flag (FC1+FC2) | F2: 1.0
A3: CS02 | B3: pc02_swales | C3: Swales, keyline earthworks, contour water works | D3: HIGHER CONTOUR ALIGNMENT (CA) - the most practice-specific prediction in the codebook. Also: water-subsidy flag not raised; higher dry-season minimum NDVI (VM3) | E3: CA contour alignment (SC15); FC1/FC2; VM3 | F3: 1.0
A4: CS03 | B4: pc03_irrigation | C4: Irrigation used | D4: Water-subsidy flag RAISED. A claim predicting an UNFAVOURABLE signature - included so the instrument is not one-sided | E4: Water-subsidy flag (FC1+FC2) | F4: 1.0
A5: CS04 | B5: pc04_no_till | C5: No-till or minimum tillage | D5: Disturbance flag not raised; lower bare-ground fraction (VM6) | E5: Disturbance flag (FC3+FC4); VM6 | F5: 1.0
A6: CS05 | B6: pc05_mulching | C6: Permanent ground cover and mulching | D6: Longer green cover duration (VM5); lower bare-ground fraction (VM6) | E6: VM5; VM6 | F6: 1.0
A7: CS06 | B7: pc06_cover_crop | C7: Cover cropping or green manure | D7: Longer green cover duration (VM5) | E7: VM5 | F7: 1.0
A8: CS07 | B8: pc07_tree_planting | C8: Tree planting or reforestation | D8: Higher canopy height (VM8) and woody cover (VM9), conditional on onset age | E8: VM8; VM9 | F8: 1.0
A9: CS08 | B9: pc08_agroforestry | C9: Food forest or agroforestry | D9: Higher structure score; higher phenological asynchrony (VM11) | E9: VCI-T structure; VM11 | F9: 1.0
A10: CS09 | B10: pc09_polyculture | C10: Perennial polyculture | D10: Higher phenological asynchrony (VM11); higher spectral diversity (VM10) | E10: VM11; VM10 | F10: 1.0
A11: CS10 | B11: pc10_hedgerows | C11: Hedgerows and windbreaks | D11: Higher edge density (VM12). NOTE: a 2-4 m hedgerow is SUB-PIXEL, so only a network dense enough to change field-scale pattern is detectable | E11: VM12 | F11: 1.0
A12: CS11 | B12: pc11_small_parcel | C12: Small-parcel diversified planting | D12: Higher spectral diversity (VM10); higher edge density (VM12) | E12: VM10; VM12 | F12: 1.0
A13: CS12 | B13: pc12_organic | C13: Organic or no synthetic inputs | D13: Reported DESCRIPTIVELY ONLY - this study has no input-intensity flag, so no signature is predicted | E13: none - descriptive only | F13: 1.0
A14: CS13 | B14: pc13_restoration | C14: Land restoration or rehabilitation, NON-TREE | D14: Lower bare-ground fraction (VM6); longer green cover duration (VM5); higher dry-season minimum NDVI (VM3) | E14: VM6; VM5; VM3 | F14: 1.0

Sheet O10_Polygon_And_Area
A1: site_id | B1: community_name | C1: polygon_area_ha | D1: polygon_file_id | E1: polygon_imagery_date | F1: polygon_imagery_source | G1: polygon_confidence | H1: below_minimum_flag | I1: reference_circle | J1: polygon_redrawn | K1: redraw_area_ha | L1: polygon_iou | M1: managed_area_ha | N1: managed_area_lower_ha | O1: managed_area_upper_ha | P1: managed_area_basis | Q1: managed_area_source_class | R1: documentary_area_note | S1: area_ratio | T1: area_agreement_tier | U1: agreement_note | V1: controls_translated | W1: drawn_by | X1: drawn_date | Y1: redraw_date | Z1: notes | AB1: HOW THIS SHEET WORKS — plan 7.1a
A2: IC001 | B2: EXAMPLE ROW — DELETE BEFORE USE | C2: 13.4 | D2: POLY_IC001 | E2: 2023-07-11 | F2: Google Earth | G2: clear | J2: yes | K2: 12.8 | L2: 0.91 | M2: 15 | N2: 12 | O2: 18 | P2: measured | Q2: S1 | R2: States 15 ha under cultivation; separate 200 ha total holding | U2: Drawn 13.4 ha against a stated 15 ha — within 30% | V2: yes | W2: RC1 | X2: 2026-09-14 | Y2: 2026-10-19 | Z2: Long valley strip; a 150 m circle would have caught under half of it | AB2: 1. DRAW one polygon per settlement on high-resolution imagery. Follow the real outline — a strip if the land is a strip.
H3: =IF(C3="","",IF(C3<1,"yes","no")) | I3: =IF(C3="","",IF(C3<2.6,"r75",IF(C3<5.2,"r110",IF(C3<9.9,"r150",IF(C3<19.8,"r210","r300"))))) | M3: =IF($A3="","",IFERROR(IF(INDEX(O1_Community_Attributes!$V$1:$V$500,MATCH($A3,O1_Community_Attributes!$A$1:$A$500,0))="","",INDEX(O1_Community_Attributes!$V$1:$V$500,MATCH($A3,O1_Community_Attributes!$A$1:$A$500,0))),"")) | N3: =IF($A3="","",IFERROR(IF(INDEX(O1_Community_Attributes!$W$1:$W$500,MATCH($A3,O1_Community_Attributes!$A$1:$A$500,0))="","",INDEX(O1_Community_Attributes!$W$1:$W$500,MATCH($A3,O1_Community_Attributes!$A$1:$A$500,0))),"")) | O3: =IF($A3="","",IFERROR(IF(INDEX(O1_Community_Attributes!$X$1:$X$500,MATCH($A3,O1_Community_Attributes!$A$1:$A$500,0))="","",INDEX(O1_Community_Attributes!$X$1:$X$500,MATCH($A3,O1_Community_Attributes!$A$1:$A$500,0))),"")) | P3: =IF($A3="","",IFERROR(IF(INDEX(O1_Community_Attributes!$Y$1:$Y$500,MATCH($A3,O1_Community_Attributes!$A$1:$A$500,0))="","",INDEX(O1_Community_Attributes!$Y$1:$Y$500,MATCH($A3,O1_Community_Attributes!$A$1:$A$500,0))),"")) | Q3: =IF($A3="","",IFERROR(IF(INDEX(O1_Community_Attributes!$Z$1:$Z$500,MATCH($A3,O1_Community_Attributes!$A$1:$A$500,0))="","",INDEX(O1_Community_Attributes!$Z$1:$Z$500,MATCH($A3,O1_Community_Attributes!$A$1:$A$500,0))),"")) | R3: =IF($A3="","",IFERROR(IF(INDEX(O1_Community_Attributes!$BK$1:$BK$500,MATCH($A3,O1_Community_Attributes!$A$1:$A$500,0))="","",INDEX(O1_Community_Attributes!$BK$1:$BK$500,MATCH($A3,O1_Community_Attributes!$A$1:$A$500,0))),"")) | S3: =IF(OR($C3="",$M3=""),"",$M3/$C3) | T3: =IF($C3="","",IF(AND($M3="",$P3=""),"",IF($M3="","B",IF(ABS($S3-1)<=0.3,"A",IF(OR($S3>2,$S3<0.5),"C","B"))))) | AB3: 2. DRAW FROM STRUCTURE, NEVER COLOUR. Field edges, tracks, walls, terrace lines, changes in field pattern.
H4: =IF(C4="","",IF(C4<1,"yes","no")) | I4: =IF(C4="","",IF(C4<2.6,"r75",IF(C4<5.2,"r110",IF(C4<9.9,"r150",IF(C4<19.8,"r210","r300"))))) | M4: =IF($A4="","",IFERROR(IF(INDEX(O1_Community_Attributes!$V$1:$V$500,MATCH($A4,O1_Community_Attributes!$A$1:$A$500,0))="","",INDEX(O1_Community_Attributes!$V$1:$V$500,MATCH($A4,O1_Community_Attributes!$A$1:$A$500,0))),"")) | N4: =IF($A4="","",IFERROR(IF(INDEX(O1_Community_Attributes!$W$1:$W$500,MATCH($A4,O1_Community_Attributes!$A$1:$A$500,0))="","",INDEX(O1_Community_Attributes!$W$1:$W$500,MATCH($A4,O1_Community_Attributes!$A$1:$A$500,0))),"")) | O4: =IF($A4="","",IFERROR(IF(INDEX(O1_Community_Attributes!$X$1:$X$500,MATCH($A4,O1_Community_Attributes!$A$1:$A$500,0))="","",INDEX(O1_Community_Attributes!$X$1:$X$500,MATCH($A4,O1_Community_Attributes!$A$1:$A$500,0))),"")) | P4: =IF($A4="","",IFERROR(IF(INDEX(O1_Community_Attributes!$Y$1:$Y$500,MATCH($A4,O1_Community_Attributes!$A$1:$A$500,0))="","",INDEX(O1_Community_Attributes!$Y$1:$Y$500,MATCH($A4,O1_Community_Attributes!$A$1:$A$500,0))),"")) | Q4: =IF($A4="","",IFERROR(IF(INDEX(O1_Community_Attributes!$Z$1:$Z$500,MATCH($A4,O1_Community_Attributes!$A$1:$A$500,0))="","",INDEX(O1_Community_Attributes!$Z$1:$Z$500,MATCH($A4,O1_Community_Attributes!$A$1:$A$500,0))),"")) | R4: =IF($A4="","",IFERROR(IF(INDEX(O1_Community_Attributes!$BK$1:$BK$500,MATCH($A4,O1_Community_Attributes!$A$1:$A$500,0))="","",INDEX(O1_Community_Attributes!$BK$1:$BK$500,MATCH($A4,O1_Community_Attributes!$A$1:$A$500,0))),"")) | S4: =IF(OR($C4="",$M4=""),"",$M4/$C4) | T4: =IF($C4="","",IF(AND($M4="",$P4=""),"",IF($M4="","B",IF(ABS($S4-1)<=0.3,"A",IF(OR($S4>2,$S4<0.5),"C","B"))))) | AB4: 3. MINIMUM 1.0 ha. Below that use a 75 m circle instead — below_minimum_flag fills itself.
H5: =IF(C5="","",IF(C5<1,"yes","no")) | I5: =IF(C5="","",IF(C5<2.6,"r75",IF(C5<5.2,"r110",IF(C5<9.9,"r150",IF(C5<19.8,"r210","r300"))))) | M5: =IF($A5="","",IFERROR(IF(INDEX(O1_Community_Attributes!$V$1:$V$500,MATCH($A5,O1_Community_Attributes!$A$1:$A$500,0))="","",INDEX(O1_Community_Attributes!$V$1:$V$500,MATCH($A5,O1_Community_Attributes!$A$1:$A$500,0))),"")) | N5: =IF($A5="","",IFERROR(IF(INDEX(O1_Community_Attributes!$W$1:$W$500,MATCH($A5,O1_Community_Attributes!$A$1:$A$500,0))="","",INDEX(O1_Community_Attributes!$W$1:$W$500,MATCH($A5,O1_Community_Attributes!$A$1:$A$500,0))),"")) | O5: =IF($A5="","",IFERROR(IF(INDEX(O1_Community_Attributes!$X$1:$X$500,MATCH($A5,O1_Community_Attributes!$A$1:$A$500,0))="","",INDEX(O1_Community_Attributes!$X$1:$X$500,MATCH($A5,O1_Community_Attributes!$A$1:$A$500,0))),"")) | P5: =IF($A5="","",IFERROR(IF(INDEX(O1_Community_Attributes!$Y$1:$Y$500,MATCH($A5,O1_Community_Attributes!$A$1:$A$500,0))="","",INDEX(O1_Community_Attributes!$Y$1:$Y$500,MATCH($A5,O1_Community_Attributes!$A$1:$A$500,0))),"")) | Q5: =IF($A5="","",IFERROR(IF(INDEX(O1_Community_Attributes!$Z$1:$Z$500,MATCH($A5,O1_Community_Attributes!$A$1:$A$500,0))="","",INDEX(O1_Community_Attributes!$Z$1:$Z$500,MATCH($A5,O1_Community_Attributes!$A$1:$A$500,0))),"")) | R5: =IF($A5="","",IFERROR(IF(INDEX(O1_Community_Attributes!$BK$1:$BK$500,MATCH($A5,O1_Community_Attributes!$A$1:$A$500,0))="","",INDEX(O1_Community_Attributes!$BK$1:$BK$500,MATCH($A5,O1_Community_Attributes!$A$1:$A$500,0))),"")) | S5: =IF(OR($C5="",$M5=""),"",$M5/$C5) | T5: =IF($C5="","",IF(AND($M5="",$P5=""),"",IF($M5="","B",IF(ABS($S5-1)<=0.3,"A",IF(OR($S5>2,$S5<0.5),"C","B"))))) | AB5: 4. TRANSLATE the polygon onto each of the 3 controls: slide it so its centre sits on the control village. No resizing, no reshaping, NO ROTATION.
H6: =IF(C6="","",IF(C6<1,"yes","no")) | I6: =IF(C6="","",IF(C6<2.6,"r75",IF(C6<5.2,"r110",IF(C6<9.9,"r150",IF(C6<19.8,"r210","r300"))))) | M6: =IF($A6="","",IFERROR(IF(INDEX(O1_Community_Attributes!$V$1:$V$500,MATCH($A6,O1_Community_Attributes!$A$1:$A$500,0))="","",INDEX(O1_Community_Attributes!$V$1:$V$500,MATCH($A6,O1_Community_Attributes!$A$1:$A$500,0))),"")) | N6: =IF($A6="","",IFERROR(IF(INDEX(O1_Community_Attributes!$W$1:$W$500,MATCH($A6,O1_Community_Attributes!$A$1:$A$500,0))="","",INDEX(O1_Community_Attributes!$W$1:$W$500,MATCH($A6,O1_Community_Attributes!$A$1:$A$500,0))),"")) | O6: =IF($A6="","",IFERROR(IF(INDEX(O1_Community_Attributes!$X$1:$X$500,MATCH($A6,O1_Community_Attributes!$A$1:$A$500,0))="","",INDEX(O1_Community_Attributes!$X$1:$X$500,MATCH($A6,O1_Community_Attributes!$A$1:$A$500,0))),"")) | P6: =IF($A6="","",IFERROR(IF(INDEX(O1_Community_Attributes!$Y$1:$Y$500,MATCH($A6,O1_Community_Attributes!$A$1:$A$500,0))="","",INDEX(O1_Community_Attributes!$Y$1:$Y$500,MATCH($A6,O1_Community_Attributes!$A$1:$A$500,0))),"")) | Q6: =IF($A6="","",IFERROR(IF(INDEX(O1_Community_Attributes!$Z$1:$Z$500,MATCH($A6,O1_Community_Attributes!$A$1:$A$500,0))="","",INDEX(O1_Community_Attributes!$Z$1:$Z$500,MATCH($A6,O1_Community_Attributes!$A$1:$A$500,0))),"")) | R6: =IF($A6="","",IFERROR(IF(INDEX(O1_Community_Attributes!$BK$1:$BK$500,MATCH($A6,O1_Community_Attributes!$A$1:$A$500,0))="","",INDEX(O1_Community_Attributes!$BK$1:$BK$500,MATCH($A6,O1_Community_Attributes!$A$1:$A$500,0))),"")) | S6: =IF(OR($C6="",$M6=""),"",$M6/$C6) | T6: =IF($C6="","",IF(AND($M6="",$P6=""),"",IF($M6="","B",IF(ABS($S6-1)<=0.3,"A",IF(OR($S6>2,$S6<0.5),"C","B"))))) | AB6: 5. REDRAW a random 20% after four weeks without looking at your first version. polygon_iou is the overlap: shared area / combined area.
H7: =IF(C7="","",IF(C7<1,"yes","no")) | I7: =IF(C7="","",IF(C7<2.6,"r75",IF(C7<5.2,"r110",IF(C7<9.9,"r150",IF(C7<19.8,"r210","r300"))))) | M7: =IF($A7="","",IFERROR(IF(INDEX(O1_Community_Attributes!$V$1:$V$500,MATCH($A7,O1_Community_Attributes!$A$1:$A$500,0))="","",INDEX(O1_Community_Attributes!$V$1:$V$500,MATCH($A7,O1_Community_Attributes!$A$1:$A$500,0))),"")) | N7: =IF($A7="","",IFERROR(IF(INDEX(O1_Community_Attributes!$W$1:$W$500,MATCH($A7,O1_Community_Attributes!$A$1:$A$500,0))="","",INDEX(O1_Community_Attributes!$W$1:$W$500,MATCH($A7,O1_Community_Attributes!$A$1:$A$500,0))),"")) | O7: =IF($A7="","",IFERROR(IF(INDEX(O1_Community_Attributes!$X$1:$X$500,MATCH($A7,O1_Community_Attributes!$A$1:$A$500,0))="","",INDEX(O1_Community_Attributes!$X$1:$X$500,MATCH($A7,O1_Community_Attributes!$A$1:$A$500,0))),"")) | P7: =IF($A7="","",IFERROR(IF(INDEX(O1_Community_Attributes!$Y$1:$Y$500,MATCH($A7,O1_Community_Attributes!$A$1:$A$500,0))="","",INDEX(O1_Community_Attributes!$Y$1:$Y$500,MATCH($A7,O1_Community_Attributes!$A$1:$A$500,0))),"")) | Q7: =IF($A7="","",IFERROR(IF(INDEX(O1_Community_Attributes!$Z$1:$Z$500,MATCH($A7,O1_Community_Attributes!$A$1:$A$500,0))="","",INDEX(O1_Community_Attributes!$Z$1:$Z$500,MATCH($A7,O1_Community_Attributes!$A$1:$A$500,0))),"")) | R7: =IF($A7="","",IFERROR(IF(INDEX(O1_Community_Attributes!$BK$1:$BK$500,MATCH($A7,O1_Community_Attributes!$A$1:$A$500,0))="","",INDEX(O1_Community_Attributes!$BK$1:$BK$500,MATCH($A7,O1_Community_Attributes!$A$1:$A$500,0))),"")) | S7: =IF(OR($C7="",$M7=""),"",$M7/$C7) | T7: =IF($C7="","",IF(AND($M7="",$P7=""),"",IF($M7="","B",IF(ABS($S7-1)<=0.3,"A",IF(OR($S7>2,$S7<0.5),"C","B"))))) | AB7: 6. The documentary figure is the CHECK. area_ratio and area_agreement_tier fill themselves: within 30% = A, 30-100% apart = B, more than 2x apart = C, investigate.
H8: =IF(C8="","",IF(C8<1,"yes","no")) | I8: =IF(C8="","",IF(C8<2.6,"r75",IF(C8<5.2,"r110",IF(C8<9.9,"r150",IF(C8<19.8,"r210","r300"))))) | M8: =IF($A8="","",IFERROR(IF(INDEX(O1_Community_Attributes!$V$1:$V$500,MATCH($A8,O1_Community_Attributes!$A$1:$A$500,0))="","",INDEX(O1_Community_Attributes!$V$1:$V$500,MATCH($A8,O1_Community_Attributes!$A$1:$A$500,0))),"")) | N8: =IF($A8="","",IFERROR(IF(INDEX(O1_Community_Attributes!$W$1:$W$500,MATCH($A8,O1_Community_Attributes!$A$1:$A$500,0))="","",INDEX(O1_Community_Attributes!$W$1:$W$500,MATCH($A8,O1_Community_Attributes!$A$1:$A$500,0))),"")) | O8: =IF($A8="","",IFERROR(IF(INDEX(O1_Community_Attributes!$X$1:$X$500,MATCH($A8,O1_Community_Attributes!$A$1:$A$500,0))="","",INDEX(O1_Community_Attributes!$X$1:$X$500,MATCH($A8,O1_Community_Attributes!$A$1:$A$500,0))),"")) | P8: =IF($A8="","",IFERROR(IF(INDEX(O1_Community_Attributes!$Y$1:$Y$500,MATCH($A8,O1_Community_Attributes!$A$1:$A$500,0))="","",INDEX(O1_Community_Attributes!$Y$1:$Y$500,MATCH($A8,O1_Community_Attributes!$A$1:$A$500,0))),"")) | Q8: =IF($A8="","",IFERROR(IF(INDEX(O1_Community_Attributes!$Z$1:$Z$500,MATCH($A8,O1_Community_Attributes!$A$1:$A$500,0))="","",INDEX(O1_Community_Attributes!$Z$1:$Z$500,MATCH($A8,O1_Community_Attributes!$A$1:$A$500,0))),"")) | R8: =IF($A8="","",IFERROR(IF(INDEX(O1_Community_Attributes!$BK$1:$BK$500,MATCH($A8,O1_Community_Attributes!$A$1:$A$500,0))="","",INDEX(O1_Community_Attributes!$BK$1:$BK$500,MATCH($A8,O1_Community_Attributes!$A$1:$A$500,0))),"")) | S8: =IF(OR($C8="",$M8=""),"",$M8/$C8) | T8: =IF($C8="","",IF(AND($M8="",$P8=""),"",IF($M8="","B",IF(ABS($S8-1)<=0.3,"A",IF(OR($S8>2,$S8<0.5),"C","B")))))
H9: =IF(C9="","",IF(C9<1,"yes","no")) | I9: =IF(C9="","",IF(C9<2.6,"r75",IF(C9<5.2,"r110",IF(C9<9.9,"r150",IF(C9<19.8,"r210","r300"))))) | M9: =IF($A9="","",IFERROR(IF(INDEX(O1_Community_Attributes!$V$1:$V$500,MATCH($A9,O1_Community_Attributes!$A$1:$A$500,0))="","",INDEX(O1_Community_Attributes!$V$1:$V$500,MATCH($A9,O1_Community_Attributes!$A$1:$A$500,0))),"")) | N9: =IF($A9="","",IFERROR(IF(INDEX(O1_Community_Attributes!$W$1:$W$500,MATCH($A9,O1_Community_Attributes!$A$1:$A$500,0))="","",INDEX(O1_Community_Attributes!$W$1:$W$500,MATCH($A9,O1_Community_Attributes!$A$1:$A$500,0))),"")) | O9: =IF($A9="","",IFERROR(IF(INDEX(O1_Community_Attributes!$X$1:$X$500,MATCH($A9,O1_Community_Attributes!$A$1:$A$500,0))="","",INDEX(O1_Community_Attributes!$X$1:$X$500,MATCH($A9,O1_Community_Attributes!$A$1:$A$500,0))),"")) | P9: =IF($A9="","",IFERROR(IF(INDEX(O1_Community_Attributes!$Y$1:$Y$500,MATCH($A9,O1_Community_Attributes!$A$1:$A$500,0))="","",INDEX(O1_Community_Attributes!$Y$1:$Y$500,MATCH($A9,O1_Community_Attributes!$A$1:$A$500,0))),"")) | Q9: =IF($A9="","",IFERROR(IF(INDEX(O1_Community_Attributes!$Z$1:$Z$500,MATCH($A9,O1_Community_Attributes!$A$1:$A$500,0))="","",INDEX(O1_Community_Attributes!$Z$1:$Z$500,MATCH($A9,O1_Community_Attributes!$A$1:$A$500,0))),"")) | R9: =IF($A9="","",IFERROR(IF(INDEX(O1_Community_Attributes!$BK$1:$BK$500,MATCH($A9,O1_Community_Attributes!$A$1:$A$500,0))="","",INDEX(O1_Community_Attributes!$BK$1:$BK$500,MATCH($A9,O1_Community_Attributes!$A$1:$A$500,0))),"")) | S9: =IF(OR($C9="",$M9=""),"",$M9/$C9) | T9: =IF($C9="","",IF(AND($M9="",$P9=""),"",IF($M9="","B",IF(ABS($S9-1)<=0.3,"A",IF(OR($S9>2,$S9<0.5),"C","B"))))) | AB9: The POLYGON always defines the geometry. The documentary figure only says how well corroborated it is.
H10: =IF(C10="","",IF(C10<1,"yes","no")) | I10: =IF(C10="","",IF(C10<2.6,"r75",IF(C10<5.2,"r110",IF(C10<9.9,"r150",IF(C10<19.8,"r210","r300"))))) | M10: =IF($A10="","",IFERROR(IF(INDEX(O1_Community_Attributes!$V$1:$V$500,MATCH($A10,O1_Community_Attributes!$A$1:$A$500,0))="","",INDEX(O1_Community_Attributes!$V$1:$V$500,MATCH($A10,O1_Community_Attributes!$A$1:$A$500,0))),"")) | N10: =IF($A10="","",IFERROR(IF(INDEX(O1_Community_Attributes!$W$1:$W$500,MATCH($A10,O1_Community_Attributes!$A$1:$A$500,0))="","",INDEX(O1_Community_Attributes!$W$1:$W$500,MATCH($A10,O1_Community_Attributes!$A$1:$A$500,0))),"")) | O10: =IF($A10="","",IFERROR(IF(INDEX(O1_Community_Attributes!$X$1:$X$500,MATCH($A10,O1_Community_Attributes!$A$1:$A$500,0))="","",INDEX(O1_Community_Attributes!$X$1:$X$500,MATCH($A10,O1_Community_Attributes!$A$1:$A$500,0))),"")) | P10: =IF($A10="","",IFERROR(IF(INDEX(O1_Community_Attributes!$Y$1:$Y$500,MATCH($A10,O1_Community_Attributes!$A$1:$A$500,0))="","",INDEX(O1_Community_Attributes!$Y$1:$Y$500,MATCH($A10,O1_Community_Attributes!$A$1:$A$500,0))),"")) | Q10: =IF($A10="","",IFERROR(IF(INDEX(O1_Community_Attributes!$Z$1:$Z$500,MATCH($A10,O1_Community_Attributes!$A$1:$A$500,0))="","",INDEX(O1_Community_Attributes!$Z$1:$Z$500,MATCH($A10,O1_Community_Attributes!$A$1:$A$500,0))),"")) | R10: =IF($A10="","",IFERROR(IF(INDEX(O1_Community_Attributes!$BK$1:$BK$500,MATCH($A10,O1_Community_Attributes!$A$1:$A$500,0))="","",INDEX(O1_Community_Attributes!$BK$1:$BK$500,MATCH($A10,O1_Community_Attributes!$A$1:$A$500,0))),"")) | S10: =IF(OR($C10="",$M10=""),"",$M10/$C10) | T10: =IF($C10="","",IF(AND($M10="",$P10=""),"",IF($M10="","B",IF(ABS($S10-1)<=0.3,"A",IF(OR($S10>2,$S10<0.5),"C","B"))))) | AB10: A gap beyond 2x usually means the source quoted the TOTAL HOLDING rather than the worked area.
H11: =IF(C11="","",IF(C11<1,"yes","no")) | I11: =IF(C11="","",IF(C11<2.6,"r75",IF(C11<5.2,"r110",IF(C11<9.9,"r150",IF(C11<19.8,"r210","r300"))))) | M11: =IF($A11="","",IFERROR(IF(INDEX(O1_Community_Attributes!$V$1:$V$500,MATCH($A11,O1_Community_Attributes!$A$1:$A$500,0))="","",INDEX(O1_Community_Attributes!$V$1:$V$500,MATCH($A11,O1_Community_Attributes!$A$1:$A$500,0))),"")) | N11: =IF($A11="","",IFERROR(IF(INDEX(O1_Community_Attributes!$W$1:$W$500,MATCH($A11,O1_Community_Attributes!$A$1:$A$500,0))="","",INDEX(O1_Community_Attributes!$W$1:$W$500,MATCH($A11,O1_Community_Attributes!$A$1:$A$500,0))),"")) | O11: =IF($A11="","",IFERROR(IF(INDEX(O1_Community_Attributes!$X$1:$X$500,MATCH($A11,O1_Community_Attributes!$A$1:$A$500,0))="","",INDEX(O1_Community_Attributes!$X$1:$X$500,MATCH($A11,O1_Community_Attributes!$A$1:$A$500,0))),"")) | P11: =IF($A11="","",IFERROR(IF(INDEX(O1_Community_Attributes!$Y$1:$Y$500,MATCH($A11,O1_Community_Attributes!$A$1:$A$500,0))="","",INDEX(O1_Community_Attributes!$Y$1:$Y$500,MATCH($A11,O1_Community_Attributes!$A$1:$A$500,0))),"")) | Q11: =IF($A11="","",IFERROR(IF(INDEX(O1_Community_Attributes!$Z$1:$Z$500,MATCH($A11,O1_Community_Attributes!$A$1:$A$500,0))="","",INDEX(O1_Community_Attributes!$Z$1:$Z$500,MATCH($A11,O1_Community_Attributes!$A$1:$A$500,0))),"")) | R11: =IF($A11="","",IFERROR(IF(INDEX(O1_Community_Attributes!$BK$1:$BK$500,MATCH($A11,O1_Community_Attributes!$A$1:$A$500,0))="","",INDEX(O1_Community_Attributes!$BK$1:$BK$500,MATCH($A11,O1_Community_Attributes!$A$1:$A$500,0))),"")) | S11: =IF(OR($C11="",$M11=""),"",$M11/$C11) | T11: =IF($C11="","",IF(AND($M11="",$P11=""),"",IF($M11="","B",IF(ABS($S11-1)<=0.3,"A",IF(OR($S11>2,$S11<0.5),"C","B")))))
H12: =IF(C12="","",IF(C12<1,"yes","no")) | I12: =IF(C12="","",IF(C12<2.6,"r75",IF(C12<5.2,"r110",IF(C12<9.9,"r150",IF(C12<19.8,"r210","r300"))))) | M12: =IF($A12="","",IFERROR(IF(INDEX(O1_Community_Attributes!$V$1:$V$500,MATCH($A12,O1_Community_Attributes!$A$1:$A$500,0))="","",INDEX(O1_Community_Attributes!$V$1:$V$500,MATCH($A12,O1_Community_Attributes!$A$1:$A$500,0))),"")) | N12: =IF($A12="","",IFERROR(IF(INDEX(O1_Community_Attributes!$W$1:$W$500,MATCH($A12,O1_Community_Attributes!$A$1:$A$500,0))="","",INDEX(O1_Community_Attributes!$W$1:$W$500,MATCH($A12,O1_Community_Attributes!$A$1:$A$500,0))),"")) | O12: =IF($A12="","",IFERROR(IF(INDEX(O1_Community_Attributes!$X$1:$X$500,MATCH($A12,O1_Community_Attributes!$A$1:$A$500,0))="","",INDEX(O1_Community_Attributes!$X$1:$X$500,MATCH($A12,O1_Community_Attributes!$A$1:$A$500,0))),"")) | P12: =IF($A12="","",IFERROR(IF(INDEX(O1_Community_Attributes!$Y$1:$Y$500,MATCH($A12,O1_Community_Attributes!$A$1:$A$500,0))="","",INDEX(O1_Community_Attributes!$Y$1:$Y$500,MATCH($A12,O1_Community_Attributes!$A$1:$A$500,0))),"")) | Q12: =IF($A12="","",IFERROR(IF(INDEX(O1_Community_Attributes!$Z$1:$Z$500,MATCH($A12,O1_Community_Attributes!$A$1:$A$500,0))="","",INDEX(O1_Community_Attributes!$Z$1:$Z$500,MATCH($A12,O1_Community_Attributes!$A$1:$A$500,0))),"")) | R12: =IF($A12="","",IFERROR(IF(INDEX(O1_Community_Attributes!$BK$1:$BK$500,MATCH($A12,O1_Community_Attributes!$A$1:$A$500,0))="","",INDEX(O1_Community_Attributes!$BK$1:$BK$500,MATCH($A12,O1_Community_Attributes!$A$1:$A$500,0))),"")) | S12: =IF(OR($C12="",$M12=""),"",$M12/$C12) | T12: =IF($C12="","",IF(AND($M12="",$P12=""),"",IF($M12="","B",IF(ABS($S12-1)<=0.3,"A",IF(OR($S12>2,$S12<0.5),"C","B"))))) | AB12: below_minimum_flag, reference_circle, area_ratio and area_agreement_tier all calculate themselves.
H13: =IF(C13="","",IF(C13<1,"yes","no")) | I13: =IF(C13="","",IF(C13<2.6,"r75",IF(C13<5.2,"r110",IF(C13<9.9,"r150",IF(C13<19.8,"r210","r300"))))) | M13: =IF($A13="","",IFERROR(IF(INDEX(O1_Community_Attributes!$V$1:$V$500,MATCH($A13,O1_Community_Attributes!$A$1:$A$500,0))="","",INDEX(O1_Community_Attributes!$V$1:$V$500,MATCH($A13,O1_Community_Attributes!$A$1:$A$500,0))),"")) | N13: =IF($A13="","",IFERROR(IF(INDEX(O1_Community_Attributes!$W$1:$W$500,MATCH($A13,O1_Community_Attributes!$A$1:$A$500,0))="","",INDEX(O1_Community_Attributes!$W$1:$W$500,MATCH($A13,O1_Community_Attributes!$A$1:$A$500,0))),"")) | O13: =IF($A13="","",IFERROR(IF(INDEX(O1_Community_Attributes!$X$1:$X$500,MATCH($A13,O1_Community_Attributes!$A$1:$A$500,0))="","",INDEX(O1_Community_Attributes!$X$1:$X$500,MATCH($A13,O1_Community_Attributes!$A$1:$A$500,0))),"")) | P13: =IF($A13="","",IFERROR(IF(INDEX(O1_Community_Attributes!$Y$1:$Y$500,MATCH($A13,O1_Community_Attributes!$A$1:$A$500,0))="","",INDEX(O1_Community_Attributes!$Y$1:$Y$500,MATCH($A13,O1_Community_Attributes!$A$1:$A$500,0))),"")) | Q13: =IF($A13="","",IFERROR(IF(INDEX(O1_Community_Attributes!$Z$1:$Z$500,MATCH($A13,O1_Community_Attributes!$A$1:$A$500,0))="","",INDEX(O1_Community_Attributes!$Z$1:$Z$500,MATCH($A13,O1_Community_Attributes!$A$1:$A$500,0))),"")) | R13: =IF($A13="","",IFERROR(IF(INDEX(O1_Community_Attributes!$BK$1:$BK$500,MATCH($A13,O1_Community_Attributes!$A$1:$A$500,0))="","",INDEX(O1_Community_Attributes!$BK$1:$BK$500,MATCH($A13,O1_Community_Attributes!$A$1:$A$500,0))),"")) | S13: =IF(OR($C13="",$M13=""),"",$M13/$C13) | T13: =IF($C13="","",IF(AND($M13="",$P13=""),"",IF($M13="","B",IF(ABS($S13-1)<=0.3,"A",IF(OR($S13>2,$S13<0.5),"C","B")))))
H14: =IF(C14="","",IF(C14<1,"yes","no")) | I14: =IF(C14="","",IF(C14<2.6,"r75",IF(C14<5.2,"r110",IF(C14<9.9,"r150",IF(C14<19.8,"r210","r300"))))) | M14: =IF($A14="","",IFERROR(IF(INDEX(O1_Community_Attributes!$V$1:$V$500,MATCH($A14,O1_Community_Attributes!$A$1:$A$500,0))="","",INDEX(O1_Community_Attributes!$V$1:$V$500,MATCH($A14,O1_Community_Attributes!$A$1:$A$500,0))),"")) | N14: =IF($A14="","",IFERROR(IF(INDEX(O1_Community_Attributes!$W$1:$W$500,MATCH($A14,O1_Community_Attributes!$A$1:$A$500,0))="","",INDEX(O1_Community_Attributes!$W$1:$W$500,MATCH($A14,O1_Community_Attributes!$A$1:$A$500,0))),"")) | O14: =IF($A14="","",IFERROR(IF(INDEX(O1_Community_Attributes!$X$1:$X$500,MATCH($A14,O1_Community_Attributes!$A$1:$A$500,0))="","",INDEX(O1_Community_Attributes!$X$1:$X$500,MATCH($A14,O1_Community_Attributes!$A$1:$A$500,0))),"")) | P14: =IF($A14="","",IFERROR(IF(INDEX(O1_Community_Attributes!$Y$1:$Y$500,MATCH($A14,O1_Community_Attributes!$A$1:$A$500,0))="","",INDEX(O1_Community_Attributes!$Y$1:$Y$500,MATCH($A14,O1_Community_Attributes!$A$1:$A$500,0))),"")) | Q14: =IF($A14="","",IFERROR(IF(INDEX(O1_Community_Attributes!$Z$1:$Z$500,MATCH($A14,O1_Community_Attributes!$A$1:$A$500,0))="","",INDEX(O1_Community_Attributes!$Z$1:$Z$500,MATCH($A14,O1_Community_Attributes!$A$1:$A$500,0))),"")) | R14: =IF($A14="","",IFERROR(IF(INDEX(O1_Community_Attributes!$BK$1:$BK$500,MATCH($A14,O1_Community_Attributes!$A$1:$A$500,0))="","",INDEX(O1_Community_Attributes!$BK$1:$BK$500,MATCH($A14,O1_Community_Attributes!$A$1:$A$500,0))),"")) | S14: =IF(OR($C14="",$M14=""),"",$M14/$C14) | T14: =IF($C14="","",IF(AND($M14="",$P14=""),"",IF($M14="","B",IF(ABS($S14-1)<=0.3,"A",IF(OR($S14>2,$S14<0.5),"C","B"))))) | AB14: NEW IN v6 — columns M to R READ THEMSELVES FROM O1_Community_Attributes and must not be typed into. Paste the register's Block E into O1; it arrives here on its own.
H15: =IF(C15="","",IF(C15<1,"yes","no")) | I15: =IF(C15="","",IF(C15<2.6,"r75",IF(C15<5.2,"r110",IF(C15<9.9,"r150",IF(C15<19.8,"r210","r300"))))) | M15: =IF($A15="","",IFERROR(IF(INDEX(O1_Community_Attributes!$V$1:$V$500,MATCH($A15,O1_Community_Attributes!$A$1:$A$500,0))="","",INDEX(O1_Community_Attributes!$V$1:$V$500,MATCH($A15,O1_Community_Attributes!$A$1:$A$500,0))),"")) | N15: =IF($A15="","",IFERROR(IF(INDEX(O1_Community_Attributes!$W$1:$W$500,MATCH($A15,O1_Community_Attributes!$A$1:$A$500,0))="","",INDEX(O1_Community_Attributes!$W$1:$W$500,MATCH($A15,O1_Community_Attributes!$A$1:$A$500,0))),"")) | O15: =IF($A15="","",IFERROR(IF(INDEX(O1_Community_Attributes!$X$1:$X$500,MATCH($A15,O1_Community_Attributes!$A$1:$A$500,0))="","",INDEX(O1_Community_Attributes!$X$1:$X$500,MATCH($A15,O1_Community_Attributes!$A$1:$A$500,0))),"")) | P15: =IF($A15="","",IFERROR(IF(INDEX(O1_Community_Attributes!$Y$1:$Y$500,MATCH($A15,O1_Community_Attributes!$A$1:$A$500,0))="","",INDEX(O1_Community_Attributes!$Y$1:$Y$500,MATCH($A15,O1_Community_Attributes!$A$1:$A$500,0))),"")) | Q15: =IF($A15="","",IFERROR(IF(INDEX(O1_Community_Attributes!$Z$1:$Z$500,MATCH($A15,O1_Community_Attributes!$A$1:$A$500,0))="","",INDEX(O1_Community_Attributes!$Z$1:$Z$500,MATCH($A15,O1_Community_Attributes!$A$1:$A$500,0))),"")) | R15: =IF($A15="","",IFERROR(IF(INDEX(O1_Community_Attributes!$BK$1:$BK$500,MATCH($A15,O1_Community_Attributes!$A$1:$A$500,0))="","",INDEX(O1_Community_Attributes!$BK$1:$BK$500,MATCH($A15,O1_Community_Attributes!$A$1:$A$500,0))),"")) | S15: =IF(OR($C15="",$M15=""),"",$M15/$C15) | T15: =IF($C15="","",IF(AND($M15="",$P15=""),"",IF($M15="","B",IF(ABS($S15-1)<=0.3,"A",IF(OR($S15>2,$S15<0.5),"C","B"))))) | AB15: NEW IN v6 — a site with a polygon but NO documentary figure is tier B, per plan 7.1a. In v5 it was left blank, which looked identical to a site not yet coded.
H16: =IF(C16="","",IF(C16<1,"yes","no")) | I16: =IF(C16="","",IF(C16<2.6,"r75",IF(C16<5.2,"r110",IF(C16<9.9,"r150",IF(C16<19.8,"r210","r300"))))) | M16: =IF($A16="","",IFERROR(IF(INDEX(O1_Community_Attributes!$V$1:$V$500,MATCH($A16,O1_Community_Attributes!$A$1:$A$500,0))="","",INDEX(O1_Community_Attributes!$V$1:$V$500,MATCH($A16,O1_Community_Attributes!$A$1:$A$500,0))),"")) | N16: =IF($A16="","",IFERROR(IF(INDEX(O1_Community_Attributes!$W$1:$W$500,MATCH($A16,O1_Community_Attributes!$A$1:$A$500,0))="","",INDEX(O1_Community_Attributes!$W$1:$W$500,MATCH($A16,O1_Community_Attributes!$A$1:$A$500,0))),"")) | O16: =IF($A16="","",IFERROR(IF(INDEX(O1_Community_Attributes!$X$1:$X$500,MATCH($A16,O1_Community_Attributes!$A$1:$A$500,0))="","",INDEX(O1_Community_Attributes!$X$1:$X$500,MATCH($A16,O1_Community_Attributes!$A$1:$A$500,0))),"")) | P16: =IF($A16="","",IFERROR(IF(INDEX(O1_Community_Attributes!$Y$1:$Y$500,MATCH($A16,O1_Community_Attributes!$A$1:$A$500,0))="","",INDEX(O1_Community_Attributes!$Y$1:$Y$500,MATCH($A16,O1_Community_Attributes!$A$1:$A$500,0))),"")) | Q16: =IF($A16="","",IFERROR(IF(INDEX(O1_Community_Attributes!$Z$1:$Z$500,MATCH($A16,O1_Community_Attributes!$A$1:$A$500,0))="","",INDEX(O1_Community_Attributes!$Z$1:$Z$500,MATCH($A16,O1_Community_Attributes!$A$1:$A$500,0))),"")) | R16: =IF($A16="","",IFERROR(IF(INDEX(O1_Community_Attributes!$BK$1:$BK$500,MATCH($A16,O1_Community_Attributes!$A$1:$A$500,0))="","",INDEX(O1_Community_Attributes!$BK$1:$BK$500,MATCH($A16,O1_Community_Attributes!$A$1:$A$500,0))),"")) | S16: =IF(OR($C16="",$M16=""),"",$M16/$C16) | T16: =IF($C16="","",IF(AND($M16="",$P16=""),"",IF($M16="","B",IF(ABS($S16-1)<=0.3,"A",IF(OR($S16>2,$S16<0.5),"C","B")))))
H17: =IF(C17="","",IF(C17<1,"yes","no")) | I17: =IF(C17="","",IF(C17<2.6,"r75",IF(C17<5.2,"r110",IF(C17<9.9,"r150",IF(C17<19.8,"r210","r300"))))) | M17: =IF($A17="","",IFERROR(IF(INDEX(O1_Community_Attributes!$V$1:$V$500,MATCH($A17,O1_Community_Attributes!$A$1:$A$500,0))="","",INDEX(O1_Community_Attributes!$V$1:$V$500,MATCH($A17,O1_Community_Attributes!$A$1:$A$500,0))),"")) | N17: =IF($A17="","",IFERROR(IF(INDEX(O1_Community_Attributes!$W$1:$W$500,MATCH($A17,O1_Community_Attributes!$A$1:$A$500,0))="","",INDEX(O1_Community_Attributes!$W$1:$W$500,MATCH($A17,O1_Community_Attributes!$A$1:$A$500,0))),"")) | O17: =IF($A17="","",IFERROR(IF(INDEX(O1_Community_Attributes!$X$1:$X$500,MATCH($A17,O1_Community_Attributes!$A$1:$A$500,0))="","",INDEX(O1_Community_Attributes!$X$1:$X$500,MATCH($A17,O1_Community_Attributes!$A$1:$A$500,0))),"")) | P17: =IF($A17="","",IFERROR(IF(INDEX(O1_Community_Attributes!$Y$1:$Y$500,MATCH($A17,O1_Community_Attributes!$A$1:$A$500,0))="","",INDEX(O1_Community_Attributes!$Y$1:$Y$500,MATCH($A17,O1_Community_Attributes!$A$1:$A$500,0))),"")) | Q17: =IF($A17="","",IFERROR(IF(INDEX(O1_Community_Attributes!$Z$1:$Z$500,MATCH($A17,O1_Community_Attributes!$A$1:$A$500,0))="","",INDEX(O1_Community_Attributes!$Z$1:$Z$500,MATCH($A17,O1_Community_Attributes!$A$1:$A$500,0))),"")) | R17: =IF($A17="","",IFERROR(IF(INDEX(O1_Community_Attributes!$BK$1:$BK$500,MATCH($A17,O1_Community_Attributes!$A$1:$A$500,0))="","",INDEX(O1_Community_Attributes!$BK$1:$BK$500,MATCH($A17,O1_Community_Attributes!$A$1:$A$500,0))),"")) | S17: =IF(OR($C17="",$M17=""),"",$M17/$C17) | T17: =IF($C17="","",IF(AND($M17="",$P17=""),"",IF($M17="","B",IF(ABS($S17-1)<=0.3,"A",IF(OR($S17>2,$S17<0.5),"C","B")))))
H18: =IF(C18="","",IF(C18<1,"yes","no")) | I18: =IF(C18="","",IF(C18<2.6,"r75",IF(C18<5.2,"r110",IF(C18<9.9,"r150",IF(C18<19.8,"r210","r300"))))) | M18: =IF($A18="","",IFERROR(IF(INDEX(O1_Community_Attributes!$V$1:$V$500,MATCH($A18,O1_Community_Attributes!$A$1:$A$500,0))="","",INDEX(O1_Community_Attributes!$V$1:$V$500,MATCH($A18,O1_Community_Attributes!$A$1:$A$500,0))),"")) | N18: =IF($A18="","",IFERROR(IF(INDEX(O1_Community_Attributes!$W$1:$W$500,MATCH($A18,O1_Community_Attributes!$A$1:$A$500,0))="","",INDEX(O1_Community_Attributes!$W$1:$W$500,MATCH($A18,O1_Community_Attributes!$A$1:$A$500,0))),"")) | O18: =IF($A18="","",IFERROR(IF(INDEX(O1_Community_Attributes!$X$1:$X$500,MATCH($A18,O1_Community_Attributes!$A$1:$A$500,0))="","",INDEX(O1_Community_Attributes!$X$1:$X$500,MATCH($A18,O1_Community_Attributes!$A$1:$A$500,0))),"")) | P18: =IF($A18="","",IFERROR(IF(INDEX(O1_Community_Attributes!$Y$1:$Y$500,MATCH($A18,O1_Community_Attributes!$A$1:$A$500,0))="","",INDEX(O1_Community_Attributes!$Y$1:$Y$500,MATCH($A18,O1_Community_Attributes!$A$1:$A$500,0))),"")) | Q18: =IF($A18="","",IFERROR(IF(INDEX(O1_Community_Attributes!$Z$1:$Z$500,MATCH($A18,O1_Community_Attributes!$A$1:$A$500,0))="","",INDEX(O1_Community_Attributes!$Z$1:$Z$500,MATCH($A18,O1_Community_Attributes!$A$1:$A$500,0))),"")) | R18: =IF($A18="","",IFERROR(IF(INDEX(O1_Community_Attributes!$BK$1:$BK$500,MATCH($A18,O1_Community_Attributes!$A$1:$A$500,0))="","",INDEX(O1_Community_Attributes!$BK$1:$BK$500,MATCH($A18,O1_Community_Attributes!$A$1:$A$500,0))),"")) | S18: =IF(OR($C18="",$M18=""),"",$M18/$C18) | T18: =IF($C18="","",IF(AND($M18="",$P18=""),"",IF($M18="","B",IF(ABS($S18-1)<=0.3,"A",IF(OR($S18>2,$S18<0.5),"C","B")))))
H19: =IF(C19="","",IF(C19<1,"yes","no")) | I19: =IF(C19="","",IF(C19<2.6,"r75",IF(C19<5.2,"r110",IF(C19<9.9,"r150",IF(C19<19.8,"r210","r300"))))) | M19: =IF($A19="","",IFERROR(IF(INDEX(O1_Community_Attributes!$V$1:$V$500,MATCH($A19,O1_Community_Attributes!$A$1:$A$500,0))="","",INDEX(O1_Community_Attributes!$V$1:$V$500,MATCH($A19,O1_Community_Attributes!$A$1:$A$500,0))),"")) | N19: =IF($A19="","",IFERROR(IF(INDEX(O1_Community_Attributes!$W$1:$W$500,MATCH($A19,O1_Community_Attributes!$A$1:$A$500,0))="","",INDEX(O1_Community_Attributes!$W$1:$W$500,MATCH($A19,O1_Community_Attributes!$A$1:$A$500,0))),"")) | O19: =IF($A19="","",IFERROR(IF(INDEX(O1_Community_Attributes!$X$1:$X$500,MATCH($A19,O1_Community_Attributes!$A$1:$A$500,0))="","",INDEX(O1_Community_Attributes!$X$1:$X$500,MATCH($A19,O1_Community_Attributes!$A$1:$A$500,0))),"")) | P19: =IF($A19="","",IFERROR(IF(INDEX(O1_Community_Attributes!$Y$1:$Y$500,MATCH($A19,O1_Community_Attributes!$A$1:$A$500,0))="","",INDEX(O1_Community_Attributes!$Y$1:$Y$500,MATCH($A19,O1_Community_Attributes!$A$1:$A$500,0))),"")) | Q19: =IF($A19="","",IFERROR(IF(INDEX(O1_Community_Attributes!$Z$1:$Z$500,MATCH($A19,O1_Community_Attributes!$A$1:$A$500,0))="","",INDEX(O1_Community_Attributes!$Z$1:$Z$500,MATCH($A19,O1_Community_Attributes!$A$1:$A$500,0))),"")) | R19: =IF($A19="","",IFERROR(IF(INDEX(O1_Community_Attributes!$BK$1:$BK$500,MATCH($A19,O1_Community_Attributes!$A$1:$A$500,0))="","",INDEX(O1_Community_Attributes!$BK$1:$BK$500,MATCH($A19,O1_Community_Attributes!$A$1:$A$500,0))),"")) | S19: =IF(OR($C19="",$M19=""),"",$M19/$C19) | T19: =IF($C19="","",IF(AND($M19="",$P19=""),"",IF($M19="","B",IF(ABS($S19-1)<=0.3,"A",IF(OR($S19>2,$S19<0.5),"C","B")))))
H20: =IF(C20="","",IF(C20<1,"yes","no")) | I20: =IF(C20="","",IF(C20<2.6,"r75",IF(C20<5.2,"r110",IF(C20<9.9,"r150",IF(C20<19.8,"r210","r300"))))) | M20: =IF($A20="","",IFERROR(IF(INDEX(O1_Community_Attributes!$V$1:$V$500,MATCH($A20,O1_Community_Attributes!$A$1:$A$500,0))="","",INDEX(O1_Community_Attributes!$V$1:$V$500,MATCH($A20,O1_Community_Attributes!$A$1:$A$500,0))),"")) | N20: =IF($A20="","",IFERROR(IF(INDEX(O1_Community_Attributes!$W$1:$W$500,MATCH($A20,O1_Community_Attributes!$A$1:$A$500,0))="","",INDEX(O1_Community_Attributes!$W$1:$W$500,MATCH($A20,O1_Community_Attributes!$A$1:$A$500,0))),"")) | O20: =IF($A20="","",IFERROR(IF(INDEX(O1_Community_Attributes!$X$1:$X$500,MATCH($A20,O1_Community_Attributes!$A$1:$A$500,0))="","",INDEX(O1_Community_Attributes!$X$1:$X$500,MATCH($A20,O1_Community_Attributes!$A$1:$A$500,0))),"")) | P20: =IF($A20="","",IFERROR(IF(INDEX(O1_Community_Attributes!$Y$1:$Y$500,MATCH($A20,O1_Community_Attributes!$A$1:$A$500,0))="","",INDEX(O1_Community_Attributes!$Y$1:$Y$500,MATCH($A20,O1_Community_Attributes!$A$1:$A$500,0))),"")) | Q20: =IF($A20="","",IFERROR(IF(INDEX(O1_Community_Attributes!$Z$1:$Z$500,MATCH($A20,O1_Community_Attributes!$A$1:$A$500,0))="","",INDEX(O1_Community_Attributes!$Z$1:$Z$500,MATCH($A20,O1_Community_Attributes!$A$1:$A$500,0))),"")) | R20: =IF($A20="","",IFERROR(IF(INDEX(O1_Community_Attributes!$BK$1:$BK$500,MATCH($A20,O1_Community_Attributes!$A$1:$A$500,0))="","",INDEX(O1_Community_Attributes!$BK$1:$BK$500,MATCH($A20,O1_Community_Attributes!$A$1:$A$500,0))),"")) | S20: =IF(OR($C20="",$M20=""),"",$M20/$C20) | T20: =IF($C20="","",IF(AND($M20="",$P20=""),"",IF($M20="","B",IF(ABS($S20-1)<=0.3,"A",IF(OR($S20>2,$S20<0.5),"C","B")))))
H21: =IF(C21="","",IF(C21<1,"yes","no")) | I21: =IF(C21="","",IF(C21<2.6,"r75",IF(C21<5.2,"r110",IF(C21<9.9,"r150",IF(C21<19.8,"r210","r300"))))) | M21: =IF($A21="","",IFERROR(IF(INDEX(O1_Community_Attributes!$V$1:$V$500,MATCH($A21,O1_Community_Attributes!$A$1:$A$500,0))="","",INDEX(O1_Community_Attributes!$V$1:$V$500,MATCH($A21,O1_Community_Attributes!$A$1:$A$500,0))),"")) | N21: =IF($A21="","",IFERROR(IF(INDEX(O1_Community_Attributes!$W$1:$W$500,MATCH($A21,O1_Community_Attributes!$A$1:$A$500,0))="","",INDEX(O1_Community_Attributes!$W$1:$W$500,MATCH($A21,O1_Community_Attributes!$A$1:$A$500,0))),"")) | O21: =IF($A21="","",IFERROR(IF(INDEX(O1_Community_Attributes!$X$1:$X$500,MATCH($A21,O1_Community_Attributes!$A$1:$A$500,0))="","",INDEX(O1_Community_Attributes!$X$1:$X$500,MATCH($A21,O1_Community_Attributes!$A$1:$A$500,0))),"")) | P21: =IF($A21="","",IFERROR(IF(INDEX(O1_Community_Attributes!$Y$1:$Y$500,MATCH($A21,O1_Community_Attributes!$A$1:$A$500,0))="","",INDEX(O1_Community_Attributes!$Y$1:$Y$500,MATCH($A21,O1_Community_Attributes!$A$1:$A$500,0))),"")) | Q21: =IF($A21="","",IFERROR(IF(INDEX(O1_Community_Attributes!$Z$1:$Z$500,MATCH($A21,O1_Community_Attributes!$A$1:$A$500,0))="","",INDEX(O1_Community_Attributes!$Z$1:$Z$500,MATCH($A21,O1_Community_Attributes!$A$1:$A$500,0))),"")) | R21: =IF($A21="","",IFERROR(IF(INDEX(O1_Community_Attributes!$BK$1:$BK$500,MATCH($A21,O1_Community_Attributes!$A$1:$A$500,0))="","",INDEX(O1_Community_Attributes!$BK$1:$BK$500,MATCH($A21,O1_Community_Attributes!$A$1:$A$500,0))),"")) | S21: =IF(OR($C21="",$M21=""),"",$M21/$C21) | T21: =IF($C21="","",IF(AND($M21="",$P21=""),"",IF($M21="","B",IF(ABS($S21-1)<=0.3,"A",IF(OR($S21>2,$S21<0.5),"C","B")))))
H22: =IF(C22="","",IF(C22<1,"yes","no")) | I22: =IF(C22="","",IF(C22<2.6,"r75",IF(C22<5.2,"r110",IF(C22<9.9,"r150",IF(C22<19.8,"r210","r300"))))) | M22: =IF($A22="","",IFERROR(IF(INDEX(O1_Community_Attributes!$V$1:$V$500,MATCH($A22,O1_Community_Attributes!$A$1:$A$500,0))="","",INDEX(O1_Community_Attributes!$V$1:$V$500,MATCH($A22,O1_Community_Attributes!$A$1:$A$500,0))),"")) | N22: =IF($A22="","",IFERROR(IF(INDEX(O1_Community_Attributes!$W$1:$W$500,MATCH($A22,O1_Community_Attributes!$A$1:$A$500,0))="","",INDEX(O1_Community_Attributes!$W$1:$W$500,MATCH($A22,O1_Community_Attributes!$A$1:$A$500,0))),"")) | O22: =IF($A22="","",IFERROR(IF(INDEX(O1_Community_Attributes!$X$1:$X$500,MATCH($A22,O1_Community_Attributes!$A$1:$A$500,0))="","",INDEX(O1_Community_Attributes!$X$1:$X$500,MATCH($A22,O1_Community_Attributes!$A$1:$A$500,0))),"")) | P22: =IF($A22="","",IFERROR(IF(INDEX(O1_Community_Attributes!$Y$1:$Y$500,MATCH($A22,O1_Community_Attributes!$A$1:$A$500,0))="","",INDEX(O1_Community_Attributes!$Y$1:$Y$500,MATCH($A22,O1_Community_Attributes!$A$1:$A$500,0))),"")) | Q22: =IF($A22="","",IFERROR(IF(INDEX(O1_Community_Attributes!$Z$1:$Z$500,MATCH($A22,O1_Community_Attributes!$A$1:$A$500,0))="","",INDEX(O1_Community_Attributes!$Z$1:$Z$500,MATCH($A22,O1_Community_Attributes!$A$1:$A$500,0))),"")) | R22: =IF($A22="","",IFERROR(IF(INDEX(O1_Community_Attributes!$BK$1:$BK$500,MATCH($A22,O1_Community_Attributes!$A$1:$A$500,0))="","",INDEX(O1_Community_Attributes!$BK$1:$BK$500,MATCH($A22,O1_Community_Attributes!$A$1:$A$500,0))),"")) | S22: =IF(OR($C22="",$M22=""),"",$M22/$C22) | T22: =IF($C22="","",IF(AND($M22="",$P22=""),"",IF($M22="","B",IF(ABS($S22-1)<=0.3,"A",IF(OR($S22>2,$S22<0.5),"C","B")))))
H23: =IF(C23="","",IF(C23<1,"yes","no")) | I23: =IF(C23="","",IF(C23<2.6,"r75",IF(C23<5.2,"r110",IF(C23<9.9,"r150",IF(C23<19.8,"r210","r300"))))) | M23: =IF($A23="","",IFERROR(IF(INDEX(O1_Community_Attributes!$V$1:$V$500,MATCH($A23,O1_Community_Attributes!$A$1:$A$500,0))="","",INDEX(O1_Community_Attributes!$V$1:$V$500,MATCH($A23,O1_Community_Attributes!$A$1:$A$500,0))),"")) | N23: =IF($A23="","",IFERROR(IF(INDEX(O1_Community_Attributes!$W$1:$W$500,MATCH($A23,O1_Community_Attributes!$A$1:$A$500,0))="","",INDEX(O1_Community_Attributes!$W$1:$W$500,MATCH($A23,O1_Community_Attributes!$A$1:$A$500,0))),"")) | O23: =IF($A23="","",IFERROR(IF(INDEX(O1_Community_Attributes!$X$1:$X$500,MATCH($A23,O1_Community_Attributes!$A$1:$A$500,0))="","",INDEX(O1_Community_Attributes!$X$1:$X$500,MATCH($A23,O1_Community_Attributes!$A$1:$A$500,0))),"")) | P23: =IF($A23="","",IFERROR(IF(INDEX(O1_Community_Attributes!$Y$1:$Y$500,MATCH($A23,O1_Community_Attributes!$A$1:$A$500,0))="","",INDEX(O1_Community_Attributes!$Y$1:$Y$500,MATCH($A23,O1_Community_Attributes!$A$1:$A$500,0))),"")) | Q23: =IF($A23="","",IFERROR(IF(INDEX(O1_Community_Attributes!$Z$1:$Z$500,MATCH($A23,O1_Community_Attributes!$A$1:$A$500,0))="","",INDEX(O1_Community_Attributes!$Z$1:$Z$500,MATCH($A23,O1_Community_Attributes!$A$1:$A$500,0))),"")) | R23: =IF($A23="","",IFERROR(IF(INDEX(O1_Community_Attributes!$BK$1:$BK$500,MATCH($A23,O1_Community_Attributes!$A$1:$A$500,0))="","",INDEX(O1_Community_Attributes!$BK$1:$BK$500,MATCH($A23,O1_Community_Attributes!$A$1:$A$500,0))),"")) | S23: =IF(OR($C23="",$M23=""),"",$M23/$C23) | T23: =IF($C23="","",IF(AND($M23="",$P23=""),"",IF($M23="","B",IF(ABS($S23-1)<=0.3,"A",IF(OR($S23>2,$S23<0.5),"C","B")))))
H24: =IF(C24="","",IF(C24<1,"yes","no")) | I24: =IF(C24="","",IF(C24<2.6,"r75",IF(C24<5.2,"r110",IF(C24<9.9,"r150",IF(C24<19.8,"r210","r300"))))) | M24: =IF($A24="","",IFERROR(IF(INDEX(O1_Community_Attributes!$V$1:$V$500,MATCH($A24,O1_Community_Attributes!$A$1:$A$500,0))="","",INDEX(O1_Community_Attributes!$V$1:$V$500,MATCH($A24,O1_Community_Attributes!$A$1:$A$500,0))),"")) | N24: =IF($A24="","",IFERROR(IF(INDEX(O1_Community_Attributes!$W$1:$W$500,MATCH($A24,O1_Community_Attributes!$A$1:$A$500,0))="","",INDEX(O1_Community_Attributes!$W$1:$W$500,MATCH($A24,O1_Community_Attributes!$A$1:$A$500,0))),"")) | O24: =IF($A24="","",IFERROR(IF(INDEX(O1_Community_Attributes!$X$1:$X$500,MATCH($A24,O1_Community_Attributes!$A$1:$A$500,0))="","",INDEX(O1_Community_Attributes!$X$1:$X$500,MATCH($A24,O1_Community_Attributes!$A$1:$A$500,0))),"")) | P24: =IF($A24="","",IFERROR(IF(INDEX(O1_Community_Attributes!$Y$1:$Y$500,MATCH($A24,O1_Community_Attributes!$A$1:$A$500,0))="","",INDEX(O1_Community_Attributes!$Y$1:$Y$500,MATCH($A24,O1_Community_Attributes!$A$1:$A$500,0))),"")) | Q24: =IF($A24="","",IFERROR(IF(INDEX(O1_Community_Attributes!$Z$1:$Z$500,MATCH($A24,O1_Community_Attributes!$A$1:$A$500,0))="","",INDEX(O1_Community_Attributes!$Z$1:$Z$500,MATCH($A24,O1_Community_Attributes!$A$1:$A$500,0))),"")) | R24: =IF($A24="","",IFERROR(IF(INDEX(O1_Community_Attributes!$BK$1:$BK$500,MATCH($A24,O1_Community_Attributes!$A$1:$A$500,0))="","",INDEX(O1_Community_Attributes!$BK$1:$BK$500,MATCH($A24,O1_Community_Attributes!$A$1:$A$500,0))),"")) | S24: =IF(OR($C24="",$M24=""),"",$M24/$C24) | T24: =IF($C24="","",IF(AND($M24="",$P24=""),"",IF($M24="","B",IF(ABS($S24-1)<=0.3,"A",IF(OR($S24>2,$S24<0.5),"C","B")))))
H25: =IF(C25="","",IF(C25<1,"yes","no")) | I25: =IF(C25="","",IF(C25<2.6,"r75",IF(C25<5.2,"r110",IF(C25<9.9,"r150",IF(C25<19.8,"r210","r300"))))) | M25: =IF($A25="","",IFERROR(IF(INDEX(O1_Community_Attributes!$V$1:$V$500,MATCH($A25,O1_Community_Attributes!$A$1:$A$500,0))="","",INDEX(O1_Community_Attributes!$V$1:$V$500,MATCH($A25,O1_Community_Attributes!$A$1:$A$500,0))),"")) | N25: =IF($A25="","",IFERROR(IF(INDEX(O1_Community_Attributes!$W$1:$W$500,MATCH($A25,O1_Community_Attributes!$A$1:$A$500,0))="","",INDEX(O1_Community_Attributes!$W$1:$W$500,MATCH($A25,O1_Community_Attributes!$A$1:$A$500,0))),"")) | O25: =IF($A25="","",IFERROR(IF(INDEX(O1_Community_Attributes!$X$1:$X$500,MATCH($A25,O1_Community_Attributes!$A$1:$A$500,0))="","",INDEX(O1_Community_Attributes!$X$1:$X$500,MATCH($A25,O1_Community_Attributes!$A$1:$A$500,0))),"")) | P25: =IF($A25="","",IFERROR(IF(INDEX(O1_Community_Attributes!$Y$1:$Y$500,MATCH($A25,O1_Community_Attributes!$A$1:$A$500,0))="","",INDEX(O1_Community_Attributes!$Y$1:$Y$500,MATCH($A25,O1_Community_Attributes!$A$1:$A$500,0))),"")) | Q25: =IF($A25="","",IFERROR(IF(INDEX(O1_Community_Attributes!$Z$1:$Z$500,MATCH($A25,O1_Community_Attributes!$A$1:$A$500,0))="","",INDEX(O1_Community_Attributes!$Z$1:$Z$500,MATCH($A25,O1_Community_Attributes!$A$1:$A$500,0))),"")) | R25: =IF($A25="","",IFERROR(IF(INDEX(O1_Community_Attributes!$BK$1:$BK$500,MATCH($A25,O1_Community_Attributes!$A$1:$A$500,0))="","",INDEX(O1_Community_Attributes!$BK$1:$BK$500,MATCH($A25,O1_Community_Attributes!$A$1:$A$500,0))),"")) | S25: =IF(OR($C25="",$M25=""),"",$M25/$C25) | T25: =IF($C25="","",IF(AND($M25="",$P25=""),"",IF($M25="","B",IF(ABS($S25-1)<=0.3,"A",IF(OR($S25>2,$S25<0.5),"C","B")))))
H26: =IF(C26="","",IF(C26<1,"yes","no")) | I26: =IF(C26="","",IF(C26<2.6,"r75",IF(C26<5.2,"r110",IF(C26<9.9,"r150",IF(C26<19.8,"r210","r300"))))) | M26: =IF($A26="","",IFERROR(IF(INDEX(O1_Community_Attributes!$V$1:$V$500,MATCH($A26,O1_Community_Attributes!$A$1:$A$500,0))="","",INDEX(O1_Community_Attributes!$V$1:$V$500,MATCH($A26,O1_Community_Attributes!$A$1:$A$500,0))),"")) | N26: =IF($A26="","",IFERROR(IF(INDEX(O1_Community_Attributes!$W$1:$W$500,MATCH($A26,O1_Community_Attributes!$A$1:$A$500,0))="","",INDEX(O1_Community_Attributes!$W$1:$W$500,MATCH($A26,O1_Community_Attributes!$A$1:$A$500,0))),"")) | O26: =IF($A26="","",IFERROR(IF(INDEX(O1_Community_Attributes!$X$1:$X$500,MATCH($A26,O1_Community_Attributes!$A$1:$A$500,0))="","",INDEX(O1_Community_Attributes!$X$1:$X$500,MATCH($A26,O1_Community_Attributes!$A$1:$A$500,0))),"")) | P26: =IF($A26="","",IFERROR(IF(INDEX(O1_Community_Attributes!$Y$1:$Y$500,MATCH($A26,O1_Community_Attributes!$A$1:$A$500,0))="","",INDEX(O1_Community_Attributes!$Y$1:$Y$500,MATCH($A26,O1_Community_Attributes!$A$1:$A$500,0))),"")) | Q26: =IF($A26="","",IFERROR(IF(INDEX(O1_Community_Attributes!$Z$1:$Z$500,MATCH($A26,O1_Community_Attributes!$A$1:$A$500,0))="","",INDEX(O1_Community_Attributes!$Z$1:$Z$500,MATCH($A26,O1_Community_Attributes!$A$1:$A$500,0))),"")) | R26: =IF($A26="","",IFERROR(IF(INDEX(O1_Community_Attributes!$BK$1:$BK$500,MATCH($A26,O1_Community_Attributes!$A$1:$A$500,0))="","",INDEX(O1_Community_Attributes!$BK$1:$BK$500,MATCH($A26,O1_Community_Attributes!$A$1:$A$500,0))),"")) | S26: =IF(OR($C26="",$M26=""),"",$M26/$C26) | T26: =IF($C26="","",IF(AND($M26="",$P26=""),"",IF($M26="","B",IF(ABS($S26-1)<=0.3,"A",IF(OR($S26>2,$S26<0.5),"C","B")))))
H27: =IF(C27="","",IF(C27<1,"yes","no")) | I27: =IF(C27="","",IF(C27<2.6,"r75",IF(C27<5.2,"r110",IF(C27<9.9,"r150",IF(C27<19.8,"r210","r300"))))) | M27: =IF($A27="","",IFERROR(IF(INDEX(O1_Community_Attributes!$V$1:$V$500,MATCH($A27,O1_Community_Attributes!$A$1:$A$500,0))="","",INDEX(O1_Community_Attributes!$V$1:$V$500,MATCH($A27,O1_Community_Attributes!$A$1:$A$500,0))),"")) | N27: =IF($A27="","",IFERROR(IF(INDEX(O1_Community_Attributes!$W$1:$W$500,MATCH($A27,O1_Community_Attributes!$A$1:$A$500,0))="","",INDEX(O1_Community_Attributes!$W$1:$W$500,MATCH($A27,O1_Community_Attributes!$A$1:$A$500,0))),"")) | O27: =IF($A27="","",IFERROR(IF(INDEX(O1_Community_Attributes!$X$1:$X$500,MATCH($A27,O1_Community_Attributes!$A$1:$A$500,0))="","",INDEX(O1_Community_Attributes!$X$1:$X$500,MATCH($A27,O1_Community_Attributes!$A$1:$A$500,0))),"")) | P27: =IF($A27="","",IFERROR(IF(INDEX(O1_Community_Attributes!$Y$1:$Y$500,MATCH($A27,O1_Community_Attributes!$A$1:$A$500,0))="","",INDEX(O1_Community_Attributes!$Y$1:$Y$500,MATCH($A27,O1_Community_Attributes!$A$1:$A$500,0))),"")) | Q27: =IF($A27="","",IFERROR(IF(INDEX(O1_Community_Attributes!$Z$1:$Z$500,MATCH($A27,O1_Community_Attributes!$A$1:$A$500,0))="","",INDEX(O1_Community_Attributes!$Z$1:$Z$500,MATCH($A27,O1_Community_Attributes!$A$1:$A$500,0))),"")) | R27: =IF($A27="","",IFERROR(IF(INDEX(O1_Community_Attributes!$BK$1:$BK$500,MATCH($A27,O1_Community_Attributes!$A$1:$A$500,0))="","",INDEX(O1_Community_Attributes!$BK$1:$BK$500,MATCH($A27,O1_Community_Attributes!$A$1:$A$500,0))),"")) | S27: =IF(OR($C27="",$M27=""),"",$M27/$C27) | T27: =IF($C27="","",IF(AND($M27="",$P27=""),"",IF($M27="","B",IF(ABS($S27-1)<=0.3,"A",IF(OR($S27>2,$S27<0.5),"C","B")))))
... H402: =IF(C402="","",IF(C402<1,"yes","no")) | I402: =IF(C402="","",IF(C402<2.6,"r75",IF(C402<5.2,"r110",IF(C402<9.9,"r150",IF(C402<19.8,"r210","r300"))))) | M402: =IF($A402="","",IFERROR(IF(INDEX(O1_Community_Attributes!$V$1:$V$500,MATCH($A402,O1_Community_Attributes!$A$1:$A$500,0))="","",INDEX(O1_Community_Attributes!$V$1:$V$500,MATCH($A402,O1_Community_Attributes!$A$1:$A$500,0))),"")) | N402: =IF($A402="","",IFERROR(IF(INDEX(O1_Community_Attributes!$W$1:$W$500,MATCH($A402,O1_Community_Attributes!$A$1:$A$500,0))="","",INDEX(O1_Community_Attributes!$W$1:$W$500,MATCH($A402,O1_Community_Attributes!$A$1:$A$500,0))),"")) | O402: =IF($A402="","",IFERROR(IF(INDEX(O1_Community_Attributes!$X$1:$X$500,MATCH($A402,O1_Community_Attributes!$A$1:$A$500,0))="","",INDEX(O1_Community_Attributes!$X$1:$X$500,MATCH($A402,O1_Community_Attributes!$A$1:$A$500,0))),"")) | P402: =IF($A402="","",IFERROR(IF(INDEX(O1_Community_Attributes!$Y$1:$Y$500,MATCH($A402,O1_Community_Attributes!$A$1:$A$500,0))="","",INDEX(O1_Community_Attributes!$Y$1:$Y$500,MATCH($A402,O1_Community_Attributes!$A$1:$A$500,0))),"")) | Q402: =IF($A402="","",IFERROR(IF(INDEX(O1_Community_Attributes!$Z$1:$Z$500,MATCH($A402,O1_Community_Attributes!$A$1:$A$500,0))="","",INDEX(O1_Community_Attributes!$Z$1:$Z$500,MATCH($A402,O1_Community_Attributes!$A$1:$A$500,0))),"")) | R402: =IF($A402="","",IFERROR(IF(INDEX(O1_Community_Attributes!$BK$1:$BK$500,MATCH($A402,O1_Community_Attributes!$A$1:$A$500,0))="","",INDEX(O1_Community_Attributes!$BK$1:$BK$500,MATCH($A402,O1_Community_Attributes!$A$1:$A$500,0))),"")) | S402: =IF(OR($C402="",$M402=""),"",$M402/$C402) | T402: =IF($C402="","",IF(AND($M402="",$P402=""),"",IF($M402="","B",IF(ABS($S402-1)<=0.3,"A",IF(OR($S402>2,$S402<0.5),"C","B")))))

Sheet O11_Source_Set
A1: site_id | B1: address_id | C1: url | D1: platform_type | E1: supplied_or_discovered | F1: independence_group | G1: crawl_status | H1: pages_opened | I1: archive_checked | J1: archive_earliest_snapshot | K1: earliest_dated_item | L1: latest_dated_item | M1: yielded_fields | N1: language | O1: date_crawled | P1: coder_id | Q1: notes | S1: NEW IN v6. ONE ROW PER WEB ADDRESS PER COMMUNITY — every address you supply to the search assistant and every one it finds. Most communities have several, and version 5 had nowhere to record which were actually read. Fill this BEFORE coding a community. Two rules do the real work here. First, an address that was BLOCKED or DEAD is recorded as such: a reported block is data, a guess about its contents is fabrication. Second, INDEPENDENCE_GROUP — four addresses belonging to one community are ONE voice, not four, and corroboration counts groups rather than URLs. Databases searched go in O7_Search_Log, not here.
A2: IC001 | B2: IC001-02 | C2: https://www.example.org/old-site | D2: secondary or former website | E2: discovered | F2: G1 | G2: crawled | H2: 14 | I2: yes | J2: 2009-04-17 | K2: 2008 | L2: 2014 | M2: date_intervention_onset; managed_area_ha; pc07_tree_planting | N2: pt | O2: 2026-09-14 | P2: RC1 | Q2: Former domain found via a Wayback CDX listing of the current domain. Holds the only dated planting record.

Sheet R1_Codebook
A1: code_identifier | B1: label | C1: definition | D1: inclusion_example_1 | E1: inclusion_example_2 | F1: exclusion_example_1 | G1: predicted_signature | H1: coding_levels_available | I1: agreement_threshold | J1: threshold_rationale | K1: version | L1: frozen_date | M1: notes | O1: CODEBOOK FREEZE CONTROL
A2: pc01_rainwater | B2: Rainwater harvesting | C2: Deliberate capture and storage of precipitation or roof runoff for later use on the landholding. | D2: Roof catchment feeding storage tanks used for irrigation | E2: Documented cisterns or reservoirs filled by runoff | F2: Mains water storage tanks with no catchment function | G2: Water-subsidy flag NOT raised | H2: evidenced / documented / claimed / explicitly absent / not mentioned | I2: 0.8 | J2: Objectivity tier 1 — presence is a matter of record: a named body, a physical structure or an explicit statement is either in the source or it is not. | K2: 1.0 | L2: =IF($P$3="","NOT YET FROZEN",TEXT($P$3,"YYYY-MM-DD")) -> NOT YET FROZEN | O2: All 13 codes freeze together. Enter ONE date at P3; the frozen_date column fills itself.
A3: pc02_swales | B3: Swales, keyline earthworks, contour water works | C3: Contour-following ditches, berms, terraces or keyline ploughing built to slow, spread and infiltrate surface water. | D3: Swale network described or mapped on a site plan | E3: Keyline design explicitly named in community material | F3: Drainage ditches built to REMOVE water from the site | G3: HIGHER CONTOUR ALIGNMENT (CA) - the most practice-specific prediction in the codebook. Also: water-subsidy flag not raised; higher dry-season minimum NDVI (VM3) | H3: evidenced / documented / claimed / explicitly absent / not mentioned | I3: 0.75 | J3: Objectivity tier 2 — a named practice whose boundary against a near-miss needs the exclusion example to separate them. | K3: 1.0 | L3: =IF($P$3="","NOT YET FROZEN",TEXT($P$3,"YYYY-MM-DD")) -> NOT YET FROZEN | O3: Freeze date (YYYY-MM-DD)
A4: pc03_irrigation | B4: Irrigation used | C4: Application of water to crops beyond direct rainfall, with the source recorded where stated. | D4: Community states it irrigates from a borehole | E4: Drip irrigation described in community material | F4: Hand-watering of a nursery or seedling area only | G4: Water-subsidy flag RAISED. A claim predicting an UNFAVOURABLE signature - included so the instrument is not one-sided | H4: evidenced / documented / claimed / explicitly absent / not mentioned | I4: 0.8 | J4: Objectivity tier 1 — presence is a matter of record: a named body, a physical structure or an explicit statement is either in the source or it is not. | K4: 1.0 | L4: =IF($P$3="","NOT YET FROZEN",TEXT($P$3,"YYYY-MM-DD")) -> NOT YET FROZEN | O4: Enter only when ALL are true:
A5: pc04_no_till | B5: No-till or minimum tillage | C5: Deliberate avoidance or minimisation of mechanical soil inversion. | D5: Community states it does not plough | E5: No-dig beds described as standard practice | F5: Occasional broadforking with no stated no-till commitment | G5: Disturbance flag not raised; lower bare-ground fraction (VM6) | H5: evidenced / documented / claimed / explicitly absent / not mentioned | I5: 0.75 | J5: Objectivity tier 2 — a named practice whose boundary against a near-miss needs the exclusion example to separate them. | K5: 1.0 | L5: =IF($P$3="","NOT YET FROZEN",TEXT($P$3,"YYYY-MM-DD")) -> NOT YET FROZEN | O5: 1. Every definition and example is complete
A6: pc05_mulching | B6: Permanent ground cover and mulching | C6: Maintenance of continuous organic or living cover over cultivated soil. | D6: Heavy mulching described as routine | E6: Living mulch or permanent understorey maintained | F6: Seasonal straw applied once at planting only | G6: Longer green cover duration (VM5); lower bare-ground fraction (VM6) | H6: evidenced / documented / claimed / explicitly absent / not mentioned | I6: 0.7 | J6: Objectivity tier 3 — coding turns on intent or degree, which two readers can weigh differently from the same passage. | K6: 1.0 | L6: =IF($P$3="","NOT YET FROZEN",TEXT($P$3,"YYYY-MM-DD")) -> NOT YET FROZEN | O6: 2. Every agreement_threshold is confirmed by you
A7: pc06_cover_crop | B7: Cover cropping or green manure | C7: Sowing of non-harvest crops specifically to protect and build soil between production cycles. | D7: Green manure rotation described | E7: Winter cover crop named in the rotation | F7: Volunteer weed regrowth left in place without intent | G7: Longer green cover duration (VM5) | H7: evidenced / documented / claimed / explicitly absent / not mentioned | I7: 0.7 | J7: Objectivity tier 3 — coding turns on intent or degree, which two readers can weigh differently from the same passage. | K7: 1.0 | L7: =IF($P$3="","NOT YET FROZEN",TEXT($P$3,"YYYY-MM-DD")) -> NOT YET FROZEN | O7: 3. Calibration passed and recorded in R2_Calibration
A8: pc07_tree_planting | B8: Tree planting or reforestation | C8: Deliberate establishment of trees on land previously without them. | D8: Stated number of trees planted with dates | E8: Reforestation project documented by an external body | F8: Retention of existing woodland with no new planting | G8: Higher canopy height (VM8) and woody cover (VM9), conditional on onset age | H8: evidenced / documented / claimed / explicitly absent / not mentioned | I8: 0.8 | J8: Objectivity tier 1 — presence is a matter of record: a named body, a physical structure or an explicit statement is either in the source or it is not. | K8: 1.0 | L8: =IF($P$3="","NOT YET FROZEN",TEXT($P$3,"YYYY-MM-DD")) -> NOT YET FROZEN | O8: 4. O9_Claim_Signature_Map deposited and timestamped
A9: pc08_agroforestry | B9: Food forest or agroforestry | C9: Deliberate multi-storey systems combining trees with crops or livestock. | D9: Food forest described with named canopy layers | E9: Alley cropping or silvopasture documented | F9: An orchard in single-species rows with mown grass beneath | G9: Higher structure score; higher phenological asynchrony (VM11) | H9: evidenced / documented / claimed / explicitly absent / not mentioned | I9: 0.75 | J9: Objectivity tier 2 — a named practice whose boundary against a near-miss needs the exclusion example to separate them. | K9: 1.0 | L9: =IF($P$3="","NOT YET FROZEN",TEXT($P$3,"YYYY-MM-DD")) -> NOT YET FROZEN | O9: 5. This file committed to your repository
A10: pc09_polyculture | B10: Perennial polyculture | C10: Production systems built on mixed perennial species rather than annual monoculture. | D10: Mixed perennial beds described with several species | E10: Perennial vegetable or herb systems documented | F10: A single perennial crop grown in monoculture | G10: Higher phenological asynchrony (VM11); higher spectral diversity (VM10) | H10: evidenced / documented / claimed / explicitly absent / not mentioned | I10: 0.7 | J10: Objectivity tier 3 — coding turns on intent or degree, which two readers can weigh differently from the same passage. | K10: 1.0 | L10: =IF($P$3="","NOT YET FROZEN",TEXT($P$3,"YYYY-MM-DD")) -> NOT YET FROZEN | O10: After this date the definitions may not change. A later change means the affected variable is re-coded IN FULL and both reliability figures reported.
A11: pc10_hedgerows | B11: Hedgerows and windbreaks | C11: Planted linear woody features serving shelter, boundary or habitat functions. | D11: Windbreak planting described with species and dates | E11: Hedgerow restoration documented | F11: Pre-existing field boundaries not planted or managed by the community | G11: Higher edge density (VM12). NOTE: a 2-4 m hedgerow is SUB-PIXEL, so only a network dense enough to change field-scale pattern is detectable | H11: evidenced / documented / claimed / explicitly absent / not mentioned | I11: 0.7 | J11: Objectivity tier 3 — coding turns on intent or degree, which two readers can weigh differently from the same passage. | K11: 1.0 | L11: =IF($P$3="","NOT YET FROZEN",TEXT($P$3,"YYYY-MM-DD")) -> NOT YET FROZEN
A12: pc11_small_parcel | B12: Small-parcel diversified planting | C12: Cultivation divided into many small units carrying different crops. | D12: Many small beds with different crops described | E12: Market-garden bed system with high crop diversity | F12: A single large mixed field | G12: Higher spectral diversity (VM10); higher edge density (VM12) | H12: evidenced / documented / claimed / explicitly absent / not mentioned | I12: 0.7 | J12: Objectivity tier 3 — coding turns on intent or degree, which two readers can weigh differently from the same passage. | K12: 1.0 | L12: =IF($P$3="","NOT YET FROZEN",TEXT($P$3,"YYYY-MM-DD")) -> NOT YET FROZEN
A13: pc12_organic | B13: Organic or no synthetic inputs | C13: Stated avoidance of synthetic fertilisers, herbicides and pesticides; record any certifying body. | D13: Community states it uses no synthetic inputs | E13: Named organic certification with a certifying body | F13: Reduced-input claims without an exclusion statement | G13: Reported DESCRIPTIVELY ONLY - this study has no input-intensity flag, so no signature is predicted | H13: evidenced / documented / claimed / explicitly absent / not mentioned | I13: 0.8 | J13: Objectivity tier 1 — presence is a matter of record: a named body, a physical structure or an explicit statement is either in the source or it is not. | K13: 1.0 | L13: =IF($P$3="","NOT YET FROZEN",TEXT($P$3,"YYYY-MM-DD")) -> NOT YET FROZEN | O13: Thresholds are chance-corrected agreement coefficients. 0.70 is the floor. Where a code proves strongly skewed, report raw agreement and the marginal distribution alongside.
A14: pc13_restoration | B14: Land restoration or rehabilitation, NON-TREE | C14: Grassland or pasture restoration, wetland creation, erosion or gully control, revegetation of degraded ground. SEPARATE from pc07: pc07 is tree planting, pc13 is everything else. | D14: Gully control structures described with dates | E14: Wetland or pond created and documented | F14: Tree planting only, with no other restoration described | G14: Lower bare-ground fraction (VM6); longer green cover duration (VM5); higher dry-season minimum NDVI (VM3) | H14: evidenced / documented / claimed / explicitly absent / not mentioned | I14: 0.75 | J14: Objectivity tier 2 — a named practice whose boundary against a near-miss needs the exclusion example to separate them. | K14: 1.0 | L14: =IF($P$3="","NOT YET FROZEN",TEXT($P$3,"YYYY-MM-DD")) -> NOT YET FROZEN

Sheet R2_Calibration
A1: calibration_round | B1: date | C1: coder_id | D1: calibration_set_size | E1: variable | F1: agreement_with_reference | G1: threshold_required | H1: passed | I1: drift_vs_initial | J1: action_taken | K1: cleared_for_production | L1: notes | N1: A coder proceeds to production coding only after meeting the declared threshold. Re-run at the midpoint and at the end to detect drift.
A2: initial | B2: 2026-08-20 | C2: RC1 | D2: 15 | E2: onset_evidence_rank | F2: 0.82 | G2: 0.75 | H2: yes | J2: none | K2: yes | L2: Calibration set drawn from communities NOT in the study sample

Sheet R3_Decision_Log
A1: decision_id | B1: date | C1: stage | D1: issue | E1: decision | F1: rule_or_plan_section | G1: reason | H1: impact | I1: requires_recode | J1: affects_frozen_output | K1: changes_results | L1: notes | N1: Appendix A of the plan. One row per decision, WITH A DATE. Log the decisions you later reversed as well — a log showing only what survived is a tidied story. Seed values belong here too.
A2: DEC001 | B2: 2026-08-18 | C2: Stage 1 | D2: Two communities share a name in different countries | E2: site_id remains the sole key; country recorded separately | F2: Plan §3.1 | G2: Names are not unique; identifiers must be | H2: None on coded values | I2: no | J2: no | K2: no

Sheet Reference_Codes
A1: Source classes (S1 strongest ... S8 weakest)
A2: S1 | B2: ACADEMIC — peer-reviewed papers, THESES AND DISSERTATIONS, conference papers, preprints | C2: Where most RANK 1 onset evidence lives
A3: S2 | B3: INSTITUTIONAL — government, NGO, certification, land registry, GRANT AND FUNDING RECORDS | C3: A grant record is dated, independent and public
A4: S3 | B4: External network or directory profile | C4: Externally hosted, usually self-submitted — often a COPY of S4
A5: S4 | B5: The community's own current published material | C5: Richest and least independent
A6: S5 | B6: Archived snapshots of community material | C6: Uniquely valuable for DATING
A7: S6 | B7: Journalism and documentary media | C7: Independent but often uncritical
A8: S7 | B8: Community social media and member accounts | C8: Supporting evidence only; never the sole basis
A9: S8 | B9: Direct communication with the community | C9: Authoritative on facts the community knows
A11: Onset evidence ranks and their typical uncertainty bands
A12: 1 | B12: Dated independent record — permit, GRANT AWARD OR REPORT, project report, registry entry, ACADEMIC PAPER OR THESIS | C12: 0 to +/-1 year
A13: 2 | B13: Dated archived snapshot describing work ALREADY under way | C13: +/-1 to +/-3 years; firm UPPER bound
A14: 3 | B14: The community's own dated retrospective statement | C14: +/-2 to +/-5 years; drifts to round numbers
A15: 4 | B15: Undated community statement, onset inferred from context | C15: +/-5 years or wider; flagged
A16: 5 | B16: Directory founding year used as a proxy | C16: NOT an onset. Excluded from the primary age analysis
A18: Onset confidence tier — for the longitudinal cohort
A19: A | B19: Precise year, rank 1 or 2 evidence | C19: Usable in the cohort without qualification
A20: B | B20: Plus or minus one year | C20: Usable in the cohort
A21: C | B21: Uncertain beyond +/-1 year | C21: NOT usable to anchor a before-and-after window
A23: Cohort candidacy
A24: core (2020-2021) | B24: Onset in 2020 or 2021 | C24: 3 pre-onset years and 4 post-onset years inside 2017-2025
A25: extension (2019) | B25: Onset in 2019 | C25: Only 2 pre-years, and 2017 is half a single-satellite year
A26: no | B26: Onset outside 2019-2021 | C26: The large majority
A27: uncertain | B27: Onset band straddles the boundary | C27: Resolve before decision D4
A29: Activity verification channels
A30: V1 | B30: Community self-documentation of SPECIFIC work | C30: Specificity distinguishes this from an aspiration
A31: V2 | B31: External documentation of the work itself — INCLUDING A THESIS OR GRANT RECORD | C31: Independent of the community's account
A32: V3 | B32: Affiliation with a body applying substantive criteria | C32: Record the body and its criteria
A33: V4 | B33: Visual documentation: dated photos, plans, design drawings | C33: An image of an earthwork is evidence of a different kind
A34: V5 | B34: Continuity across years in snapshots or publications | C34: Distinguishes sustained practice from one announcement
A36: Activity tiers
A37: A | B37: >=3 channels including >=1 EXTERNAL channel | C37: Strongest available assurance
A38: B | B38: 2 channels, at least one of which is V4 or V5 | C38: Specific, but rests largely on the community's account
A39: C | B39: 2 community-originated channels, no visual or continuity support | C39: Minimum admissible
A40: Fail | B40: <2 independent channels, or aims without specific actions | C40: Not eligible
A42: Practice coding levels
A43: evidenced | B43: Documented by an EXTERNAL or VISUAL source, with specificity | C43: An academic or grey source is what upgrades a code to this
A44: documented | B44: Described specifically by the community, with continuity
A45: claimed | B45: Asserted without specificity or corroboration
A46: explicitly absent | B46: The community STATES it does NOT do this | C46: A positive statement, not a silence
A47: not mentioned | B47: No statement either way | C47: NEVER read as absence of the practice
A49: Status and persistence
A50: active | B50: Operating and inhabited
A51: dormant | B51: Reduced or suspended activity, not dissolved
A52: transformed | B52: Continues under a materially different form or purpose
A53: relocated | B53: The community moved to a different site
A54: dissolved | B54: The community ceased to exist | C54: Requires POSITIVE evidence
A55: unknown | B55: Cannot be determined | C55: UNKNOWN IS NOT DISSOLVED
A57: Area types
A58: actively managed | B58: Land the community actually works ecologically | C58: Since plan v3.6 this CORROBORATES the drawn polygon; it does not set geometry
A59: total holding only | B59: Source gives the whole holding and no managed extent | C59: Flag the site; never substitute one for the other
A60: both recorded | B60: Both figures available and recorded separately
A61: not stated | B61: Neither figure available | C61: area_agreement_tier becomes B; the polygon still gives full geometry
A63: Reference circle — matched to the POLYGON's area, filled by formula in O10
A64: r75 | B64: polygon under 2.6 ha | C64: 75 m radius, 1.77 ha. Also the fallback where a polygon is under the 1.0 ha minimum
A65: r110 | B65: 2.6 to 5.2 ha | C65: 110 m radius, 3.80 ha
A66: r150 | B66: 5.2 to 9.9 ha | C66: 150 m radius, 7.07 ha
A67: r210 | B67: 9.9 to 19.8 ha | C67: 210 m radius, 13.85 ha
A68: r300 | B68: over 19.8 ha | C68: 300 m radius, 28.27 ha
A70: Area agreement tier — drawn polygon against the documentary figure (plan 7.1a)
A71: A | B71: Documentary area within 30% of the polygon area | C71: The two agree. SC16 restricts to these
A72: B | B72: NO documentary figure, OR the two differ by 30 to 100% | C72: The polygon stands and keeps both numbers
A73: C | B73: They differ by more than a factor of two | C73: The polygon still stands. Investigate: usually the source quoted the TOTAL HOLDING
A75: Managed-area basis — how the documentary figure was arrived at
A76: measured | B76: Someone actually measured it | C76: Thesis, survey, land registry, grant application, scaled site plan
A77: stated | B77: The community gives a figure without saying how | C77: Commonest case; frequently the TOTAL HOLDING
A78: inferred | B78: You derived it from something else | C78: Number of beds, plots, hectares under a named crop
A79: not found | B79: No figure anywhere | C79: A complete and correct answer. Tier B, and the polygon is unaffected
A81: Platform type — O11_Source_Set
A82: own website | B82: The community's current primary site | C82: Richest, least independent. Start here
A83: secondary or former website | B83: An older domain, a project microsite, a second language site | C83: Old domains hold the OLDEST material and are the best dating source on the open web
A84: Facebook | B84: Page or group | C84: About tab carries a creation date; albums and events are dated
A85: Instagram | B85: Profile | C85: Rarely readable without an account. Report BLOCKED rather than guessing
A86: YouTube | B86: Channel | C86: Sort videos OLDEST FIRST. An upload date is a dated record
A87: Vimeo | B87: Channel | C87: Same use as YouTube
A88: blog platform | B88: WordPress, Blogspot, Medium, Substack | C88: The RSS feed and sitemap give the full dated post list in one request
A89: directory listing | B89: GEN, FIC, NuMundo, WWOOF, Workaway, national networks | C89: Self-submitted, so usually the SAME independence group as the website. Its ARCHIVE gives first_listing_year
A90: crowdfunding | B90: Kickstarter, GoFundMe, Ulule, Betterplace and similar | C90: A dated campaign page describing a specific project — often rank 1 or 2 onset evidence
A91: LinkedIn | B91: Organisation page | C91: Carries a founded year and staff continuity
A92: booking or hosting | B92: Airbnb, Hostelworld, retreat and volunteer platforms | C92: Often describes the LAND in detail where the website does not
A93: news outlet | B93: A local or national outlet's page about the community | C93: S6. Dated, independent, frequently uncritical
A94: other | B94: Anything else | C94: Say what it is in notes
A96: Crawl status — O11_Source_Set
A97: crawled | B97: Opened and worked through to the depth the protocol asks for
A98: partial | B98: Opened, but the enumeration was cut short | C98: Say why in notes and set crawl_truncated = yes in O1
A99: blocked | B99: Requires an account, or refused automated reading | C99: A REPORTED block is data. A guess about its content is fabrication
A100: dead link | B100: The address no longer resolves | C100: Go to the Wayback Machine — a dead domain is often the richest one
A101: not attempted | B101: Not reached in this run | C101: Every address must end at something other than this before the community is closed
A103: Independence group — O6 and O11
A104: What it is | B104: A short id (G1, G2, G3) shared by every source that derives from the same underlying statement | C104: Assign it as you read, not afterwards
A105: The test | B105: Could this source be wrong in the same way as that one, for the same reason? | C105: If yes, same group
A106: Same group | B106: A website, its own Facebook page, and a directory listing copied from it | C106: One voice, however many URLs
A107: Different groups | B107: The community's own account; a thesis; a grant record; a newspaper | C107: These can contradict each other, which is what makes agreement worth something
A108: What it changes | B108: channel_count in Block D, and the 'three independent sources' target | C108: Both count GROUPS, never URLs
A110: What NOT to search for — these come from Google Earth Engine
A111: VM1-VM14, PM1-PM3, FC1-FC4, CA | B111: All vegetation, provisioning, flag and contour metrics | C111: Sentinel-2 and SRTM, computed in the pipeline
A112: VCI, VCI-P/S/T/C, PCI, MDS, LCC | B112: The index and its components | C112: Derived from the above
A113: built_fraction, tree_cover_pct | B113: Land-cover fractions | C113: Dynamic World
A114: elevation_m, slope_deg, terrain class | B114: Terrain | C114: SRTM
A115: water_dist_m | B115: Distance to permanent water | C115: Global Surface Water — a matching criterion, but satellite-derived
...
